# Rhino

mtllib custome_mesh_water.mtl
usemtl diffuse_0
v 0 0 0
v 0 0 -0.2222222238779068
v 0 0 -0.4444444477558136
v 0 0 -0.66666668653488159
v 0 0 -0.8888888955116272
v 0 0 -1.1111111640930176
v 0 0 -1.3333333730697632
v 0 0 -1.5555555820465088
v 0 0 -1.7777777910232544
v 0 0 -2
v 0 0 -2.2222223281860352
v 0 0 -2.4444444179534912
v 0 0 -2.6666667461395264
v 0 0 -2.8888888359069824
v 0 0 -3.1111111640930176
v 0 0 -3.3333332538604736
v 0 0 -3.5555555820465088
v 0 0 -3.7777776718139648
v 0 0 -4
v 0.20618556439876556 0 0
v 0.20618556439876556 0 -0.2222222238779068
v 0.20618556439876556 0 -0.4444444477558136
v 0.20618556439876556 0 -0.66666668653488159
v 0.20618556439876556 0 -0.8888888955116272
v 0.20618556439876556 0 -1.1111111640930176
v 0.20618556439876556 0 -1.3333333730697632
v 0.20618556439876556 0 -1.5555555820465088
v 0.20618556439876556 0 -1.7777777910232544
v 0.20618556439876556 0 -2
v 0.20618556439876556 0 -2.2222223281860352
v 0.20618556439876556 0 -2.4444444179534912
v 0.20618556439876556 0 -2.6666667461395264
v 0.20618556439876556 0 -2.8888888359069824
v 0.20618556439876556 0 -3.1111111640930176
v 0.20618556439876556 0 -3.3333332538604736
v 0.20618556439876556 0 -3.5555555820465088
v 0.20618556439876556 0 -3.7777776718139648
v 0.20618556439876556 0 -4
v 0.41237112879753113 0 0
v 0.41237112879753113 0 -0.2222222238779068
v 0.41237112879753113 0 -0.4444444477558136
v 0.41237112879753113 0 -0.66666668653488159
v 0.41237112879753113 0 -0.8888888955116272
v 0.41237112879753113 0 -1.1111111640930176
v 0.41237112879753113 0 -1.3333333730697632
v 0.41237112879753113 0 -1.5555555820465088
v 0.41237112879753113 0 -1.7777777910232544
v 0.41237112879753113 0 -2
v 0.41237112879753113 0 -2.2222223281860352
v 0.41237112879753113 0 -2.4444444179534912
v 0.41237112879753113 0 -2.6666667461395264
v 0.41237112879753113 0 -2.8888888359069824
v 0.41237112879753113 0 -3.1111111640930176
v 0.41237112879753113 0 -3.3333332538604736
v 0.41237112879753113 0 -3.5555555820465088
v 0.41237112879753113 0 -3.7777776718139648
v 0.41237112879753113 0 -4
v 0.6185566782951355 0 0
v 0.6185566782951355 0 -0.2222222238779068
v 0.6185566782951355 0 -0.4444444477558136
v 0.6185566782951355 0 -0.66666668653488159
v 0.6185566782951355 0 -0.8888888955116272
v 0.6185566782951355 0 -1.1111111640930176
v 0.6185566782951355 0 -1.3333333730697632
v 0.6185566782951355 0 -1.5555555820465088
v 0.6185566782951355 0 -1.7777777910232544
v 0.6185566782951355 0 -2
v 0.6185566782951355 0 -2.2222223281860352
v 0.6185566782951355 0 -2.4444444179534912
v 0.6185566782951355 0 -2.6666667461395264
v 0.6185566782951355 0 -2.8888888359069824
v 0.6185566782951355 0 -3.1111111640930176
v 0.6185566782951355 0 -3.3333332538604736
v 0.6185566782951355 0 -3.5555555820465088
v 0.6185566782951355 0 -3.7777776718139648
v 0.6185566782951355 0 -4
v 0.82474225759506226 0 0
v 0.82474225759506226 0 -0.2222222238779068
v 0.82474225759506226 0 -0.4444444477558136
v 0.82474225759506226 0 -0.66666668653488159
v 0.82474225759506226 0 -0.8888888955116272
v 0.82474225759506226 0 -1.1111111640930176
v 0.82474225759506226 0 -1.3333333730697632
v 0.82474225759506226 0 -1.5555555820465088
v 0.82474225759506226 0 -1.7777777910232544
v 0.82474225759506226 0 -2
v 0.82474225759506226 0 -2.2222223281860352
v 0.82474225759506226 0 -2.4444444179534912
v 0.82474225759506226 0 -2.6666667461395264
v 0.82474225759506226 0 -2.8888888359069824
v 0.82474225759506226 0 -3.1111111640930176
v 0.82474225759506226 0 -3.3333332538604736
v 0.82474225759506226 0 -3.5555555820465088
v 0.82474225759506226 0 -3.7777776718139648
v 0.82474225759506226 0 -4
v 1.0309277772903442 0 0
v 1.0309277772903442 0 -0.2222222238779068
v 1.0309277772903442 0 -0.4444444477558136
v 1.0309277772903442 0 -0.66666668653488159
v 1.0309277772903442 0 -0.8888888955116272
v 1.0309277772903442 0 -1.1111111640930176
v 1.0309277772903442 0 -1.3333333730697632
v 1.0309277772903442 0 -1.5555555820465088
v 1.0309277772903442 0 -1.7777777910232544
v 1.0309277772903442 0 -2
v 1.0309277772903442 0 -2.2222223281860352
v 1.0309277772903442 0 -2.4444444179534912
v 1.0309277772903442 0 -2.6666667461395264
v 1.0309277772903442 0 -2.8888888359069824
v 1.0309277772903442 0 -3.1111111640930176
v 1.0309277772903442 0 -3.3333332538604736
v 1.0309277772903442 0 -3.5555555820465088
v 1.0309277772903442 0 -3.7777776718139648
v 1.0309277772903442 0 -4
v 1.237113356590271 0 0
v 1.237113356590271 0 -0.2222222238779068
v 1.237113356590271 0 -0.4444444477558136
v 1.237113356590271 0 -0.66666668653488159
v 1.237113356590271 0 -0.8888888955116272
v 1.237113356590271 0 -1.1111111640930176
v 1.237113356590271 0 -1.3333333730697632
v 1.237113356590271 0 -1.5555555820465088
v 1.237113356590271 0 -1.7777777910232544
v 1.237113356590271 0 -2
v 1.237113356590271 0 -2.2222223281860352
v 1.237113356590271 0 -2.4444444179534912
v 1.237113356590271 0 -2.6666667461395264
v 1.237113356590271 0 -2.8888888359069824
v 1.237113356590271 0 -3.1111111640930176
v 1.237113356590271 0 -3.3333332538604736
v 1.237113356590271 0 -3.5555555820465088
v 1.237113356590271 0 -3.7777776718139648
v 1.237113356590271 0 -4
v 1.4432989358901978 0 0
v 1.4432989358901978 0 -0.2222222238779068
v 1.4432989358901978 0 -0.4444444477558136
v 1.4432989358901978 0 -0.66666668653488159
v 1.4432989358901978 0 -0.8888888955116272
v 1.4432989358901978 0 -1.1111111640930176
v 1.4432989358901978 0 -1.3333333730697632
v 1.4432989358901978 0 -1.5555555820465088
v 1.4432989358901978 0 -1.7777777910232544
v 1.4432989358901978 0 -2
v 1.4432989358901978 0 -2.2222223281860352
v 1.4432989358901978 0 -2.4444444179534912
v 1.4432989358901978 0 -2.6666667461395264
v 1.4432989358901978 0 -2.8888888359069824
v 1.4432989358901978 0 -3.1111111640930176
v 1.4432989358901978 0 -3.3333332538604736
v 1.4432989358901978 0 -3.5555555820465088
v 1.4432989358901978 0 -3.7777776718139648
v 1.4432989358901978 0 -4
v 1.6494845151901245 0 0
v 1.6494845151901245 0 -0.2222222238779068
v 1.6494845151901245 0 -0.4444444477558136
v 1.6494845151901245 0 -0.66666668653488159
v 1.6494845151901245 0 -0.8888888955116272
v 1.6494845151901245 0 -1.1111111640930176
v 1.6494845151901245 0 -1.3333333730697632
v 1.6494845151901245 0 -1.5555555820465088
v 1.6494845151901245 0 -1.7777777910232544
v 1.6494845151901245 0 -2
v 1.6494845151901245 0 -2.2222223281860352
v 1.6494845151901245 0 -2.4444444179534912
v 1.6494845151901245 0 -2.6666667461395264
v 1.6494845151901245 0 -2.8888888359069824
v 1.6494845151901245 0 -3.1111111640930176
v 1.6494845151901245 0 -3.3333332538604736
v 1.6494845151901245 0 -3.5555555820465088
v 1.6494845151901245 0 -3.7777776718139648
v 1.6494845151901245 0 -4
v 1.8556700944900513 0 0
v 1.8556700944900513 0 -0.2222222238779068
v 1.8556700944900513 0 -0.4444444477558136
v 1.8556700944900513 0 -0.66666668653488159
v 1.8556700944900513 0 -0.8888888955116272
v 1.8556700944900513 0 -1.1111111640930176
v 1.8556700944900513 0 -1.3333333730697632
v 1.8556700944900513 0 -1.5555555820465088
v 1.8556700944900513 0 -1.7777777910232544
v 1.8556700944900513 0 -2
v 1.8556700944900513 0 -2.2222223281860352
v 1.8556700944900513 0 -2.4444444179534912
v 1.8556700944900513 0 -2.6666667461395264
v 1.8556700944900513 0 -2.8888888359069824
v 1.8556700944900513 0 -3.1111111640930176
v 1.8556700944900513 0 -3.3333332538604736
v 1.8556700944900513 0 -3.5555555820465088
v 1.8556700944900513 0 -3.7777776718139648
v 1.8556700944900513 0 -4
v 2.0618555545806885 0 0
v 2.0618555545806885 0 -0.2222222238779068
v 2.0618555545806885 0 -0.4444444477558136
v 2.0618555545806885 0 -0.66666668653488159
v 2.0618555545806885 0 -0.8888888955116272
v 2.0618555545806885 0 -1.1111111640930176
v 2.0618555545806885 0 -1.3333333730697632
v 2.0618555545806885 0 -1.5555555820465088
v 2.0618555545806885 0 -1.7777777910232544
v 2.0618555545806885 0 -2
v 2.0618555545806885 0 -2.2222223281860352
v 2.0618555545806885 0 -2.4444444179534912
v 2.0618555545806885 0 -2.6666667461395264
v 2.0618555545806885 0 -2.8888888359069824
v 2.0618555545806885 0 -3.1111111640930176
v 2.0618555545806885 0 -3.3333332538604736
v 2.0618555545806885 0 -3.5555555820465088
v 2.0618555545806885 0 -3.7777776718139648
v 2.0618555545806885 0 -4
v 2.2680411338806152 0 0
v 2.2680411338806152 0 -0.2222222238779068
v 2.2680411338806152 0 -0.4444444477558136
v 2.2680411338806152 0 -0.66666668653488159
v 2.2680411338806152 0 -0.8888888955116272
v 2.2680411338806152 0 -1.1111111640930176
v 2.2680411338806152 0 -1.3333333730697632
v 2.2680411338806152 0 -1.5555555820465088
v 2.2680411338806152 0 -1.7777777910232544
v 2.2680411338806152 0 -2
v 2.2680411338806152 0 -2.2222223281860352
v 2.2680411338806152 0 -2.4444444179534912
v 2.2680411338806152 0 -2.6666667461395264
v 2.2680411338806152 0 -2.8888888359069824
v 2.2680411338806152 0 -3.1111111640930176
v 2.2680411338806152 0 -3.3333332538604736
v 2.2680411338806152 0 -3.5555555820465088
v 2.2680411338806152 0 -3.7777776718139648
v 2.2680411338806152 0 -4
v 2.474226713180542 0 0
v 2.474226713180542 0 -0.2222222238779068
v 2.474226713180542 0 -0.4444444477558136
v 2.474226713180542 0 -0.66666668653488159
v 2.474226713180542 0 -0.8888888955116272
v 2.474226713180542 0 -1.1111111640930176
v 2.474226713180542 0 -1.3333333730697632
v 2.474226713180542 0 -1.5555555820465088
v 2.474226713180542 0 -1.7777777910232544
v 2.474226713180542 0 -2
v 2.474226713180542 0 -2.2222223281860352
v 2.474226713180542 0 -2.4444444179534912
v 2.474226713180542 0 -2.6666667461395264
v 2.474226713180542 0 -2.8888888359069824
v 2.474226713180542 0 -3.1111111640930176
v 2.474226713180542 0 -3.3333332538604736
v 2.474226713180542 0 -3.5555555820465088
v 2.474226713180542 0 -3.7777776718139648
v 2.474226713180542 0 -4
v 2.6804122924804688 0 0
v 2.6804122924804688 0 -0.2222222238779068
v 2.6804122924804688 0 -0.4444444477558136
v 2.6804122924804688 0 -0.66666668653488159
v 2.6804122924804688 0 -0.8888888955116272
v 2.6804122924804688 0 -1.1111111640930176
v 2.6804122924804688 0 -1.3333333730697632
v 2.6804122924804688 0 -1.5555555820465088
v 2.6804122924804688 0 -1.7777777910232544
v 2.6804122924804688 0 -2
v 2.6804122924804688 0 -2.2222223281860352
v 2.6804122924804688 0 -2.4444444179534912
v 2.6804122924804688 0 -2.6666667461395264
v 2.6804122924804688 0 -2.8888888359069824
v 2.6804122924804688 0 -3.1111111640930176
v 2.6804122924804688 0 -3.3333332538604736
v 2.6804122924804688 0 -3.5555555820465088
v 2.6804122924804688 0 -3.7777776718139648
v 2.6804122924804688 0 -4
v 2.8865978717803955 0 0
v 2.8865978717803955 0 -0.2222222238779068
v 2.8865978717803955 0 -0.4444444477558136
v 2.8865978717803955 0 -0.66666668653488159
v 2.8865978717803955 0 -0.8888888955116272
v 2.8865978717803955 0 -1.1111111640930176
v 2.8865978717803955 0 -1.3333333730697632
v 2.8865978717803955 0 -1.5555555820465088
v 2.8865978717803955 0 -1.7777777910232544
v 2.8865978717803955 0 -2
v 2.8865978717803955 0 -2.2222223281860352
v 2.8865978717803955 0 -2.4444444179534912
v 2.8865978717803955 0 -2.6666667461395264
v 2.8865978717803955 0 -2.8888888359069824
v 2.8865978717803955 0 -3.1111111640930176
v 2.8865978717803955 0 -3.3333332538604736
v 2.8865978717803955 0 -3.5555555820465088
v 2.8865978717803955 0 -3.7777776718139648
v 2.8865978717803955 0 -4
v 3.0927834510803223 0 0
v 3.0927834510803223 0 -0.2222222238779068
v 3.0927834510803223 0 -0.4444444477558136
v 3.0927834510803223 0 -0.66666668653488159
v 3.0927834510803223 0 -0.8888888955116272
v 3.0927834510803223 0 -1.1111111640930176
v 3.0927834510803223 0 -1.3333333730697632
v 3.0927834510803223 0 -1.5555555820465088
v 3.0927834510803223 0 -1.7777777910232544
v 3.0927834510803223 0 -2
v 3.0927834510803223 0 -2.2222223281860352
v 3.0927834510803223 0 -2.4444444179534912
v 3.0927834510803223 0 -2.6666667461395264
v 3.0927834510803223 0 -2.8888888359069824
v 3.0927834510803223 0 -3.1111111640930176
v 3.0927834510803223 0 -3.3333332538604736
v 3.0927834510803223 0 -3.5555555820465088
v 3.0927834510803223 0 -3.7777776718139648
v 3.0927834510803223 0 -4
v 3.298969030380249 0 0
v 3.298969030380249 0 -0.2222222238779068
v 3.298969030380249 0 -0.4444444477558136
v 3.298969030380249 0 -0.66666668653488159
v 3.298969030380249 0 -0.8888888955116272
v 3.298969030380249 0 -1.1111111640930176
v 3.298969030380249 0 -1.3333333730697632
v 3.298969030380249 0 -1.5555555820465088
v 3.298969030380249 0 -1.7777777910232544
v 3.298969030380249 0 -2
v 3.298969030380249 0 -2.2222223281860352
v 3.298969030380249 0 -2.4444444179534912
v 3.298969030380249 0 -2.6666667461395264
v 3.298969030380249 0 -2.8888888359069824
v 3.298969030380249 0 -3.1111111640930176
v 3.298969030380249 0 -3.3333332538604736
v 3.298969030380249 0 -3.5555555820465088
v 3.298969030380249 0 -3.7777776718139648
v 3.298969030380249 0 -4
v 3.5051546096801758 0 0
v 3.5051546096801758 0 -0.2222222238779068
v 3.5051546096801758 0 -0.4444444477558136
v 3.5051546096801758 0 -0.66666668653488159
v 3.5051546096801758 0 -0.8888888955116272
v 3.5051546096801758 0 -1.1111111640930176
v 3.5051546096801758 0 -1.3333333730697632
v 3.5051546096801758 0 -1.5555555820465088
v 3.5051546096801758 0 -1.7777777910232544
v 3.5051546096801758 0 -2
v 3.5051546096801758 0 -2.2222223281860352
v 3.5051546096801758 0 -2.4444444179534912
v 3.5051546096801758 0 -2.6666667461395264
v 3.5051546096801758 0 -2.8888888359069824
v 3.5051546096801758 0 -3.1111111640930176
v 3.5051546096801758 0 -3.3333332538604736
v 3.5051546096801758 0 -3.5555555820465088
v 3.5051546096801758 0 -3.7777776718139648
v 3.5051546096801758 0 -4
v 3.7113401889801025 0 0
v 3.7113401889801025 0 -0.2222222238779068
v 3.7113401889801025 0 -0.4444444477558136
v 3.7113401889801025 0 -0.66666668653488159
v 3.7113401889801025 0 -0.8888888955116272
v 3.7113401889801025 0 -1.1111111640930176
v 3.7113401889801025 0 -1.3333333730697632
v 3.7113401889801025 0 -1.5555555820465088
v 3.7113401889801025 0 -1.7777777910232544
v 3.7113401889801025 0 -2
v 3.7113401889801025 0 -2.2222223281860352
v 3.7113401889801025 0 -2.4444444179534912
v 3.7113401889801025 0 -2.6666667461395264
v 3.7113401889801025 0 -2.8888888359069824
v 3.7113401889801025 0 -3.1111111640930176
v 3.7113401889801025 0 -3.3333332538604736
v 3.7113401889801025 0 -3.5555555820465088
v 3.7113401889801025 0 -3.7777776718139648
v 3.7113401889801025 0 -4
v 3.9175257682800293 0 0
v 3.9175257682800293 0 -0.2222222238779068
v 3.9175257682800293 0 -0.4444444477558136
v 3.9175257682800293 0 -0.66666668653488159
v 3.9175257682800293 0 -0.8888888955116272
v 3.9175257682800293 0 -1.1111111640930176
v 3.9175257682800293 0 -1.3333333730697632
v 3.9175257682800293 0 -1.5555555820465088
v 3.9175257682800293 0 -1.7777777910232544
v 3.9175257682800293 0 -2
v 3.9175257682800293 0 -2.2222223281860352
v 3.9175257682800293 0 -2.4444444179534912
v 3.9175257682800293 0 -2.6666667461395264
v 3.9175257682800293 0 -2.8888888359069824
v 3.9175257682800293 0 -3.1111111640930176
v 3.9175257682800293 0 -3.3333332538604736
v 3.9175257682800293 0 -3.5555555820465088
v 3.9175257682800293 0 -3.7777776718139648
v 3.9175257682800293 0 -4
v 4.123711109161377 0 0
v 4.123711109161377 0 -0.2222222238779068
v 4.123711109161377 0 -0.4444444477558136
v 4.123711109161377 0 -0.66666668653488159
v 4.123711109161377 0 -0.8888888955116272
v 4.123711109161377 0 -1.1111111640930176
v 4.123711109161377 0 -1.3333333730697632
v 4.123711109161377 0 -1.5555555820465088
v 4.123711109161377 0 -1.7777777910232544
v 4.123711109161377 0 -2
v 4.123711109161377 0 -2.2222223281860352
v 4.123711109161377 0 -2.4444444179534912
v 4.123711109161377 0 -2.6666667461395264
v 4.123711109161377 0 -2.8888888359069824
v 4.123711109161377 0 -3.1111111640930176
v 4.123711109161377 0 -3.3333332538604736
v 4.123711109161377 0 -3.5555555820465088
v 4.123711109161377 0 -3.7777776718139648
v 4.123711109161377 0 -4
v 4.3298969268798828 0 0
v 4.3298969268798828 0 -0.2222222238779068
v 4.3298969268798828 0 -0.4444444477558136
v 4.3298969268798828 0 -0.66666668653488159
v 4.3298969268798828 0 -0.8888888955116272
v 4.3298969268798828 0 -1.1111111640930176
v 4.3298969268798828 0 -1.3333333730697632
v 4.3298969268798828 0 -1.5555555820465088
v 4.3298969268798828 0 -1.7777777910232544
v 4.3298969268798828 0 -2
v 4.3298969268798828 0 -2.2222223281860352
v 4.3298969268798828 0 -2.4444444179534912
v 4.3298969268798828 0 -2.6666667461395264
v 4.3298969268798828 0 -2.8888888359069824
v 4.3298969268798828 0 -3.1111111640930176
v 4.3298969268798828 0 -3.3333332538604736
v 4.3298969268798828 0 -3.5555555820465088
v 4.3298969268798828 0 -3.7777776718139648
v 4.3298969268798828 0 -4
v 4.5360822677612305 0 0
v 4.5360822677612305 0 -0.2222222238779068
v 4.5360822677612305 0 -0.4444444477558136
v 4.5360822677612305 0 -0.66666668653488159
v 4.5360822677612305 0 -0.8888888955116272
v 4.5360822677612305 0 -1.1111111640930176
v 4.5360822677612305 0 -1.3333333730697632
v 4.5360822677612305 0 -1.5555555820465088
v 4.5360822677612305 0 -1.7777777910232544
v 4.5360822677612305 0 -2
v 4.5360822677612305 0 -2.2222223281860352
v 4.5360822677612305 0 -2.4444444179534912
v 4.5360822677612305 0 -2.6666667461395264
v 4.5360822677612305 0 -2.8888888359069824
v 4.5360822677612305 0 -3.1111111640930176
v 4.5360822677612305 0 -3.3333332538604736
v 4.5360822677612305 0 -3.5555555820465088
v 4.5360822677612305 0 -3.7777776718139648
v 4.5360822677612305 0 -4
v 4.7422680854797363 0 0
v 4.7422680854797363 0 -0.2222222238779068
v 4.7422680854797363 0 -0.4444444477558136
v 4.7422680854797363 0 -0.66666668653488159
v 4.7422680854797363 0 -0.8888888955116272
v 4.7422680854797363 0 -1.1111111640930176
v 4.7422680854797363 0 -1.3333333730697632
v 4.7422680854797363 0 -1.5555555820465088
v 4.7422680854797363 0 -1.7777777910232544
v 4.7422680854797363 0 -2
v 4.7422680854797363 0 -2.2222223281860352
v 4.7422680854797363 0 -2.4444444179534912
v 4.7422680854797363 0 -2.6666667461395264
v 4.7422680854797363 0 -2.8888888359069824
v 4.7422680854797363 0 -3.1111111640930176
v 4.7422680854797363 0 -3.3333332538604736
v 4.7422680854797363 0 -3.5555555820465088
v 4.7422680854797363 0 -3.7777776718139648
v 4.7422680854797363 0 -4
v 4.948453426361084 0 0
v 4.948453426361084 0 -0.2222222238779068
v 4.948453426361084 0 -0.4444444477558136
v 4.948453426361084 0 -0.66666668653488159
v 4.948453426361084 0 -0.8888888955116272
v 4.948453426361084 0 -1.1111111640930176
v 4.948453426361084 0 -1.3333333730697632
v 4.948453426361084 0 -1.5555555820465088
v 4.948453426361084 0 -1.7777777910232544
v 4.948453426361084 0 -2
v 4.948453426361084 0 -2.2222223281860352
v 4.948453426361084 0 -2.4444444179534912
v 4.948453426361084 0 -2.6666667461395264
v 4.948453426361084 0 -2.8888888359069824
v 4.948453426361084 0 -3.1111111640930176
v 4.948453426361084 0 -3.3333332538604736
v 4.948453426361084 0 -3.5555555820465088
v 4.948453426361084 0 -3.7777776718139648
v 4.948453426361084 0 -4
v 5.1546392440795898 0 0
v 5.1546392440795898 0 -0.2222222238779068
v 5.1546392440795898 0 -0.4444444477558136
v 5.1546392440795898 0 -0.66666668653488159
v 5.1546392440795898 0 -0.8888888955116272
v 5.1546392440795898 0 -1.1111111640930176
v 5.1546392440795898 0 -1.3333333730697632
v 5.1546392440795898 0 -1.5555555820465088
v 5.1546392440795898 0 -1.7777777910232544
v 5.1546392440795898 0 -2
v 5.1546392440795898 0 -2.2222223281860352
v 5.1546392440795898 0 -2.4444444179534912
v 5.1546392440795898 0 -2.6666667461395264
v 5.1546392440795898 0 -2.8888888359069824
v 5.1546392440795898 0 -3.1111111640930176
v 5.1546392440795898 0 -3.3333332538604736
v 5.1546392440795898 0 -3.5555555820465088
v 5.1546392440795898 0 -3.7777776718139648
v 5.1546392440795898 0 -4
v 5.3608245849609375 0 0
v 5.3608245849609375 0 -0.2222222238779068
v 5.3608245849609375 0 -0.4444444477558136
v 5.3608245849609375 0 -0.66666668653488159
v 5.3608245849609375 0 -0.8888888955116272
v 5.3608245849609375 0 -1.1111111640930176
v 5.3608245849609375 0 -1.3333333730697632
v 5.3608245849609375 0 -1.5555555820465088
v 5.3608245849609375 0 -1.7777777910232544
v 5.3608245849609375 0 -2
v 5.3608245849609375 0 -2.2222223281860352
v 5.3608245849609375 0 -2.4444444179534912
v 5.3608245849609375 0 -2.6666667461395264
v 5.3608245849609375 0 -2.8888888359069824
v 5.3608245849609375 0 -3.1111111640930176
v 5.3608245849609375 0 -3.3333332538604736
v 5.3608245849609375 0 -3.5555555820465088
v 5.3608245849609375 0 -3.7777776718139648
v 5.3608245849609375 0 -4
v 5.5670104026794434 0 0
v 5.5670104026794434 0 -0.2222222238779068
v 5.5670104026794434 0 -0.4444444477558136
v 5.5670104026794434 0 -0.66666668653488159
v 5.5670104026794434 0 -0.8888888955116272
v 5.5670104026794434 0 -1.1111111640930176
v 5.5670104026794434 0 -1.3333333730697632
v 5.5670104026794434 0 -1.5555555820465088
v 5.5670104026794434 0 -1.7777777910232544
v 5.5670104026794434 0 -2
v 5.5670104026794434 0 -2.2222223281860352
v 5.5670104026794434 0 -2.4444444179534912
v 5.5670104026794434 0 -2.6666667461395264
v 5.5670104026794434 0 -2.8888888359069824
v 5.5670104026794434 0 -3.1111111640930176
v 5.5670104026794434 0 -3.3333332538604736
v 5.5670104026794434 0 -3.5555555820465088
v 5.5670104026794434 0 -3.7777776718139648
v 5.5670104026794434 0 -4
v 5.773195743560791 0 0
v 5.773195743560791 0 -0.2222222238779068
v 5.773195743560791 0 -0.4444444477558136
v 5.773195743560791 0 -0.66666668653488159
v 5.773195743560791 0 -0.8888888955116272
v 5.773195743560791 0 -1.1111111640930176
v 5.773195743560791 0 -1.3333333730697632
v 5.773195743560791 0 -1.5555555820465088
v 5.773195743560791 0 -1.7777777910232544
v 5.773195743560791 0 -2
v 5.773195743560791 0 -2.2222223281860352
v 5.773195743560791 0 -2.4444444179534912
v 5.773195743560791 0 -2.6666667461395264
v 5.773195743560791 0 -2.8888888359069824
v 5.773195743560791 0 -3.1111111640930176
v 5.773195743560791 0 -3.3333332538604736
v 5.773195743560791 0 -3.5555555820465088
v 5.773195743560791 0 -3.7777776718139648
v 5.773195743560791 0 -4
v 5.9793815612792969 0 0
v 5.9793815612792969 0 -0.2222222238779068
v 5.9793815612792969 0 -0.4444444477558136
v 5.9793815612792969 0 -0.66666668653488159
v 5.9793815612792969 0 -0.8888888955116272
v 5.9793815612792969 0 -1.1111111640930176
v 5.9793815612792969 0 -1.3333333730697632
v 5.9793815612792969 0 -1.5555555820465088
v 5.9793815612792969 0 -1.7777777910232544
v 5.9793815612792969 0 -2
v 5.9793815612792969 0 -2.2222223281860352
v 5.9793815612792969 0 -2.4444444179534912
v 5.9793815612792969 0 -2.6666667461395264
v 5.9793815612792969 0 -2.8888888359069824
v 5.9793815612792969 0 -3.1111111640930176
v 5.9793815612792969 0 -3.3333332538604736
v 5.9793815612792969 0 -3.5555555820465088
v 5.9793815612792969 0 -3.7777776718139648
v 5.9793815612792969 0 -4
v 6.1855669021606445 0 0
v 6.1855669021606445 0 -0.2222222238779068
v 6.1855669021606445 0 -0.4444444477558136
v 6.1855669021606445 0 -0.66666668653488159
v 6.1855669021606445 0 -0.8888888955116272
v 6.1855669021606445 0 -1.1111111640930176
v 6.1855669021606445 0 -1.3333333730697632
v 6.1855669021606445 0 -1.5555555820465088
v 6.1855669021606445 0 -1.7777777910232544
v 6.1855669021606445 0 -2
v 6.1855669021606445 0 -2.2222223281860352
v 6.1855669021606445 0 -2.4444444179534912
v 6.1855669021606445 0 -2.6666667461395264
v 6.1855669021606445 0 -2.8888888359069824
v 6.1855669021606445 0 -3.1111111640930176
v 6.1855669021606445 0 -3.3333332538604736
v 6.1855669021606445 0 -3.5555555820465088
v 6.1855669021606445 0 -3.7777776718139648
v 6.1855669021606445 0 -4
v 6.3917527198791504 0 0
v 6.3917527198791504 0 -0.2222222238779068
v 6.3917527198791504 0 -0.4444444477558136
v 6.3917527198791504 0 -0.66666668653488159
v 6.3917527198791504 0 -0.8888888955116272
v 6.3917527198791504 0 -1.1111111640930176
v 6.3917527198791504 0 -1.3333333730697632
v 6.3917527198791504 0 -1.5555555820465088
v 6.3917527198791504 0 -1.7777777910232544
v 6.3917527198791504 0 -2
v 6.3917527198791504 0 -2.2222223281860352
v 6.3917527198791504 0 -2.4444444179534912
v 6.3917527198791504 0 -2.6666667461395264
v 6.3917527198791504 0 -2.8888888359069824
v 6.3917527198791504 0 -3.1111111640930176
v 6.3917527198791504 0 -3.3333332538604736
v 6.3917527198791504 0 -3.5555555820465088
v 6.3917527198791504 0 -3.7777776718139648
v 6.3917527198791504 0 -4
v 6.597938060760498 0 0
v 6.597938060760498 0 -0.2222222238779068
v 6.597938060760498 0 -0.4444444477558136
v 6.597938060760498 0 -0.66666668653488159
v 6.597938060760498 0 -0.8888888955116272
v 6.597938060760498 0 -1.1111111640930176
v 6.597938060760498 0 -1.3333333730697632
v 6.597938060760498 0 -1.5555555820465088
v 6.597938060760498 0 -1.7777777910232544
v 6.597938060760498 0 -2
v 6.597938060760498 0 -2.2222223281860352
v 6.597938060760498 0 -2.4444444179534912
v 6.597938060760498 0 -2.6666667461395264
v 6.597938060760498 0 -2.8888888359069824
v 6.597938060760498 0 -3.1111111640930176
v 6.597938060760498 0 -3.3333332538604736
v 6.597938060760498 0 -3.5555555820465088
v 6.597938060760498 0 -3.7777776718139648
v 6.597938060760498 0 -4
v 6.8041238784790039 0 0
v 6.8041238784790039 0 -0.2222222238779068
v 6.8041238784790039 0 -0.4444444477558136
v 6.8041238784790039 0 -0.66666668653488159
v 6.8041238784790039 0 -0.8888888955116272
v 6.8041238784790039 0 -1.1111111640930176
v 6.8041238784790039 0 -1.3333333730697632
v 6.8041238784790039 0 -1.5555555820465088
v 6.8041238784790039 0 -1.7777777910232544
v 6.8041238784790039 0 -2
v 6.8041238784790039 0 -2.2222223281860352
v 6.8041238784790039 0 -2.4444444179534912
v 6.8041238784790039 0 -2.6666667461395264
v 6.8041238784790039 0 -2.8888888359069824
v 6.8041238784790039 0 -3.1111111640930176
v 6.8041238784790039 0 -3.3333332538604736
v 6.8041238784790039 0 -3.5555555820465088
v 6.8041238784790039 0 -3.7777776718139648
v 6.8041238784790039 0 -4
v 7.0103092193603516 0 0
v 7.0103092193603516 0 -0.2222222238779068
v 7.0103092193603516 0 -0.4444444477558136
v 7.0103092193603516 0 -0.66666668653488159
v 7.0103092193603516 0 -0.8888888955116272
v 7.0103092193603516 0 -1.1111111640930176
v 7.0103092193603516 0 -1.3333333730697632
v 7.0103092193603516 0 -1.5555555820465088
v 7.0103092193603516 0 -1.7777777910232544
v 7.0103092193603516 0 -2
v 7.0103092193603516 0 -2.2222223281860352
v 7.0103092193603516 0 -2.4444444179534912
v 7.0103092193603516 0 -2.6666667461395264
v 7.0103092193603516 0 -2.8888888359069824
v 7.0103092193603516 0 -3.1111111640930176
v 7.0103092193603516 0 -3.3333332538604736
v 7.0103092193603516 0 -3.5555555820465088
v 7.0103092193603516 0 -3.7777776718139648
v 7.0103092193603516 0 -4
v 7.2164950370788574 0 0
v 7.2164950370788574 0 -0.2222222238779068
v 7.2164950370788574 0 -0.4444444477558136
v 7.2164950370788574 0 -0.66666668653488159
v 7.2164950370788574 0 -0.8888888955116272
v 7.2164950370788574 0 -1.1111111640930176
v 7.2164950370788574 0 -1.3333333730697632
v 7.2164950370788574 0 -1.5555555820465088
v 7.2164950370788574 0 -1.7777777910232544
v 7.2164950370788574 0 -2
v 7.2164950370788574 0 -2.2222223281860352
v 7.2164950370788574 0 -2.4444444179534912
v 7.2164950370788574 0 -2.6666667461395264
v 7.2164950370788574 0 -2.8888888359069824
v 7.2164950370788574 0 -3.1111111640930176
v 7.2164950370788574 0 -3.3333332538604736
v 7.2164950370788574 0 -3.5555555820465088
v 7.2164950370788574 0 -3.7777776718139648
v 7.2164950370788574 0 -4
v 7.4226803779602051 0 0
v 7.4226803779602051 0 -0.2222222238779068
v 7.4226803779602051 0 -0.4444444477558136
v 7.4226803779602051 0 -0.66666668653488159
v 7.4226803779602051 0 -0.8888888955116272
v 7.4226803779602051 0 -1.1111111640930176
v 7.4226803779602051 0 -1.3333333730697632
v 7.4226803779602051 0 -1.5555555820465088
v 7.4226803779602051 0 -1.7777777910232544
v 7.4226803779602051 0 -2
v 7.4226803779602051 0 -2.2222223281860352
v 7.4226803779602051 0 -2.4444444179534912
v 7.4226803779602051 0 -2.6666667461395264
v 7.4226803779602051 0 -2.8888888359069824
v 7.4226803779602051 0 -3.1111111640930176
v 7.4226803779602051 0 -3.3333332538604736
v 7.4226803779602051 0 -3.5555555820465088
v 7.4226803779602051 0 -3.7777776718139648
v 7.4226803779602051 0 -4
v 7.6288661956787109 0 0
v 7.6288661956787109 0 -0.2222222238779068
v 7.6288661956787109 0 -0.4444444477558136
v 7.6288661956787109 0 -0.66666668653488159
v 7.6288661956787109 0 -0.8888888955116272
v 7.6288661956787109 0 -1.1111111640930176
v 7.6288661956787109 0 -1.3333333730697632
v 7.6288661956787109 0 -1.5555555820465088
v 7.6288661956787109 0 -1.7777777910232544
v 7.6288661956787109 0 -2
v 7.6288661956787109 0 -2.2222223281860352
v 7.6288661956787109 0 -2.4444444179534912
v 7.6288661956787109 0 -2.6666667461395264
v 7.6288661956787109 0 -2.8888888359069824
v 7.6288661956787109 0 -3.1111111640930176
v 7.6288661956787109 0 -3.3333332538604736
v 7.6288661956787109 0 -3.5555555820465088
v 7.6288661956787109 0 -3.7777776718139648
v 7.6288661956787109 0 -4
v 7.8350515365600586 0 0
v 7.8350515365600586 0 -0.2222222238779068
v 7.8350515365600586 0 -0.4444444477558136
v 7.8350515365600586 0 -0.66666668653488159
v 7.8350515365600586 0 -0.8888888955116272
v 7.8350515365600586 0 -1.1111111640930176
v 7.8350515365600586 0 -1.3333333730697632
v 7.8350515365600586 0 -1.5555555820465088
v 7.8350515365600586 0 -1.7777777910232544
v 7.8350515365600586 0 -2
v 7.8350515365600586 0 -2.2222223281860352
v 7.8350515365600586 0 -2.4444444179534912
v 7.8350515365600586 0 -2.6666667461395264
v 7.8350515365600586 0 -2.8888888359069824
v 7.8350515365600586 0 -3.1111111640930176
v 7.8350515365600586 0 -3.3333332538604736
v 7.8350515365600586 0 -3.5555555820465088
v 7.8350515365600586 0 -3.7777776718139648
v 7.8350515365600586 0 -4
v 8.0412368774414063 0 0
v 8.0412368774414063 0 -0.2222222238779068
v 8.0412368774414063 0 -0.4444444477558136
v 8.0412368774414063 0 -0.66666668653488159
v 8.0412368774414063 0 -0.8888888955116272
v 8.0412368774414063 0 -1.1111111640930176
v 8.0412368774414063 0 -1.3333333730697632
v 8.0412368774414063 0 -1.5555555820465088
v 8.0412368774414063 0 -1.7777777910232544
v 8.0412368774414063 0 -2
v 8.0412368774414063 0 -2.2222223281860352
v 8.0412368774414063 0 -2.4444444179534912
v 8.0412368774414063 0 -2.6666667461395264
v 8.0412368774414063 0 -2.8888888359069824
v 8.0412368774414063 0 -3.1111111640930176
v 8.0412368774414063 0 -3.3333332538604736
v 8.0412368774414063 0 -3.5555555820465088
v 8.0412368774414063 0 -3.7777776718139648
v 8.0412368774414063 0 -4
v 8.2474222183227539 0 0
v 8.2474222183227539 0 -0.2222222238779068
v 8.2474222183227539 0 -0.4444444477558136
v 8.2474222183227539 0 -0.66666668653488159
v 8.2474222183227539 0 -0.8888888955116272
v 8.2474222183227539 0 -1.1111111640930176
v 8.2474222183227539 0 -1.3333333730697632
v 8.2474222183227539 0 -1.5555555820465088
v 8.2474222183227539 0 -1.7777777910232544
v 8.2474222183227539 0 -2
v 8.2474222183227539 0 -2.2222223281860352
v 8.2474222183227539 0 -2.4444444179534912
v 8.2474222183227539 0 -2.6666667461395264
v 8.2474222183227539 0 -2.8888888359069824
v 8.2474222183227539 0 -3.1111111640930176
v 8.2474222183227539 0 -3.3333332538604736
v 8.2474222183227539 0 -3.5555555820465088
v 8.2474222183227539 0 -3.7777776718139648
v 8.2474222183227539 0 -4
v 8.453608512878418 0 0
v 8.453608512878418 0 -0.2222222238779068
v 8.453608512878418 0 -0.4444444477558136
v 8.453608512878418 0 -0.66666668653488159
v 8.453608512878418 0 -0.8888888955116272
v 8.453608512878418 0 -1.1111111640930176
v 8.453608512878418 0 -1.3333333730697632
v 8.453608512878418 0 -1.5555555820465088
v 8.453608512878418 0 -1.7777777910232544
v 8.453608512878418 0 -2
v 8.453608512878418 0 -2.2222223281860352
v 8.453608512878418 0 -2.4444444179534912
v 8.453608512878418 0 -2.6666667461395264
v 8.453608512878418 0 -2.8888888359069824
v 8.453608512878418 0 -3.1111111640930176
v 8.453608512878418 0 -3.3333332538604736
v 8.453608512878418 0 -3.5555555820465088
v 8.453608512878418 0 -3.7777776718139648
v 8.453608512878418 0 -4
v 8.6597938537597656 0 0
v 8.6597938537597656 0 -0.2222222238779068
v 8.6597938537597656 0 -0.4444444477558136
v 8.6597938537597656 0 -0.66666668653488159
v 8.6597938537597656 0 -0.8888888955116272
v 8.6597938537597656 0 -1.1111111640930176
v 8.6597938537597656 0 -1.3333333730697632
v 8.6597938537597656 0 -1.5555555820465088
v 8.6597938537597656 0 -1.7777777910232544
v 8.6597938537597656 0 -2
v 8.6597938537597656 0 -2.2222223281860352
v 8.6597938537597656 0 -2.4444444179534912
v 8.6597938537597656 0 -2.6666667461395264
v 8.6597938537597656 0 -2.8888888359069824
v 8.6597938537597656 0 -3.1111111640930176
v 8.6597938537597656 0 -3.3333332538604736
v 8.6597938537597656 0 -3.5555555820465088
v 8.6597938537597656 0 -3.7777776718139648
v 8.6597938537597656 0 -4
v 8.8659791946411133 0 0
v 8.8659791946411133 0 -0.2222222238779068
v 8.8659791946411133 0 -0.4444444477558136
v 8.8659791946411133 0 -0.66666668653488159
v 8.8659791946411133 0 -0.8888888955116272
v 8.8659791946411133 0 -1.1111111640930176
v 8.8659791946411133 0 -1.3333333730697632
v 8.8659791946411133 0 -1.5555555820465088
v 8.8659791946411133 0 -1.7777777910232544
v 8.8659791946411133 0 -2
v 8.8659791946411133 0 -2.2222223281860352
v 8.8659791946411133 0 -2.4444444179534912
v 8.8659791946411133 0 -2.6666667461395264
v 8.8659791946411133 0 -2.8888888359069824
v 8.8659791946411133 0 -3.1111111640930176
v 8.8659791946411133 0 -3.3333332538604736
v 8.8659791946411133 0 -3.5555555820465088
v 8.8659791946411133 0 -3.7777776718139648
v 8.8659791946411133 0 -4
v 9.0721645355224609 0 0
v 9.0721645355224609 0 -0.2222222238779068
v 9.0721645355224609 0 -0.4444444477558136
v 9.0721645355224609 0 -0.66666668653488159
v 9.0721645355224609 0 -0.8888888955116272
v 9.0721645355224609 0 -1.1111111640930176
v 9.0721645355224609 0 -1.3333333730697632
v 9.0721645355224609 0 -1.5555555820465088
v 9.0721645355224609 0 -1.7777777910232544
v 9.0721645355224609 0 -2
v 9.0721645355224609 0 -2.2222223281860352
v 9.0721645355224609 0 -2.4444444179534912
v 9.0721645355224609 0 -2.6666667461395264
v 9.0721645355224609 0 -2.8888888359069824
v 9.0721645355224609 0 -3.1111111640930176
v 9.0721645355224609 0 -3.3333332538604736
v 9.0721645355224609 0 -3.5555555820465088
v 9.0721645355224609 0 -3.7777776718139648
v 9.0721645355224609 0 -4
v 9.278350830078125 0 0
v 9.278350830078125 0 -0.2222222238779068
v 9.278350830078125 0 -0.4444444477558136
v 9.278350830078125 0 -0.66666668653488159
v 9.278350830078125 0 -0.8888888955116272
v 9.278350830078125 0 -1.1111111640930176
v 9.278350830078125 0 -1.3333333730697632
v 9.278350830078125 0 -1.5555555820465088
v 9.278350830078125 0 -1.7777777910232544
v 9.278350830078125 0 -2
v 9.278350830078125 0 -2.2222223281860352
v 9.278350830078125 0 -2.4444444179534912
v 9.278350830078125 0 -2.6666667461395264
v 9.278350830078125 0 -2.8888888359069824
v 9.278350830078125 0 -3.1111111640930176
v 9.278350830078125 0 -3.3333332538604736
v 9.278350830078125 0 -3.5555555820465088
v 9.278350830078125 0 -3.7777776718139648
v 9.278350830078125 0 -4
v 9.4845361709594727 0 0
v 9.4845361709594727 0 -0.2222222238779068
v 9.4845361709594727 0 -0.4444444477558136
v 9.4845361709594727 0 -0.66666668653488159
v 9.4845361709594727 0 -0.8888888955116272
v 9.4845361709594727 0 -1.1111111640930176
v 9.4845361709594727 0 -1.3333333730697632
v 9.4845361709594727 0 -1.5555555820465088
v 9.4845361709594727 0 -1.7777777910232544
v 9.4845361709594727 0 -2
v 9.4845361709594727 0 -2.2222223281860352
v 9.4845361709594727 0 -2.4444444179534912
v 9.4845361709594727 0 -2.6666667461395264
v 9.4845361709594727 0 -2.8888888359069824
v 9.4845361709594727 0 -3.1111111640930176
v 9.4845361709594727 0 -3.3333332538604736
v 9.4845361709594727 0 -3.5555555820465088
v 9.4845361709594727 0 -3.7777776718139648
v 9.4845361709594727 0 -4
v 9.6907215118408203 0 0
v 9.6907215118408203 0 -0.2222222238779068
v 9.6907215118408203 0 -0.4444444477558136
v 9.6907215118408203 0 -0.66666668653488159
v 9.6907215118408203 0 -0.8888888955116272
v 9.6907215118408203 0 -1.1111111640930176
v 9.6907215118408203 0 -1.3333333730697632
v 9.6907215118408203 0 -1.5555555820465088
v 9.6907215118408203 0 -1.7777777910232544
v 9.6907215118408203 0 -2
v 9.6907215118408203 0 -2.2222223281860352
v 9.6907215118408203 0 -2.4444444179534912
v 9.6907215118408203 0 -2.6666667461395264
v 9.6907215118408203 0 -2.8888888359069824
v 9.6907215118408203 0 -3.1111111640930176
v 9.6907215118408203 0 -3.3333332538604736
v 9.6907215118408203 0 -3.5555555820465088
v 9.6907215118408203 0 -3.7777776718139648
v 9.6907215118408203 0 -4
v 9.896906852722168 0 0
v 9.896906852722168 0 -0.2222222238779068
v 9.896906852722168 0 -0.4444444477558136
v 9.896906852722168 0 -0.66666668653488159
v 9.896906852722168 0 -0.8888888955116272
v 9.896906852722168 0 -1.1111111640930176
v 9.896906852722168 0 -1.3333333730697632
v 9.896906852722168 0 -1.5555555820465088
v 9.896906852722168 0 -1.7777777910232544
v 9.896906852722168 0 -2
v 9.896906852722168 0 -2.2222223281860352
v 9.896906852722168 0 -2.4444444179534912
v 9.896906852722168 0 -2.6666667461395264
v 9.896906852722168 0 -2.8888888359069824
v 9.896906852722168 0 -3.1111111640930176
v 9.896906852722168 0 -3.3333332538604736
v 9.896906852722168 0 -3.5555555820465088
v 9.896906852722168 0 -3.7777776718139648
v 9.896906852722168 0 -4
v 10.103093147277832 0 0
v 10.103093147277832 0 -0.2222222238779068
v 10.103093147277832 0 -0.4444444477558136
v 10.103093147277832 0 -0.66666668653488159
v 10.103093147277832 0 -0.8888888955116272
v 10.103093147277832 0 -1.1111111640930176
v 10.103093147277832 0 -1.3333333730697632
v 10.103093147277832 0 -1.5555555820465088
v 10.103093147277832 0 -1.7777777910232544
v 10.103093147277832 0 -2
v 10.103093147277832 0 -2.2222223281860352
v 10.103093147277832 0 -2.4444444179534912
v 10.103093147277832 0 -2.6666667461395264
v 10.103093147277832 0 -2.8888888359069824
v 10.103093147277832 0 -3.1111111640930176
v 10.103093147277832 0 -3.3333332538604736
v 10.103093147277832 0 -3.5555555820465088
v 10.103093147277832 0 -3.7777776718139648
v 10.103093147277832 0 -4
v 10.30927848815918 0 0
v 10.30927848815918 0 -0.2222222238779068
v 10.30927848815918 0 -0.4444444477558136
v 10.30927848815918 0 -0.66666668653488159
v 10.30927848815918 0 -0.8888888955116272
v 10.30927848815918 0 -1.1111111640930176
v 10.30927848815918 0 -1.3333333730697632
v 10.30927848815918 0 -1.5555555820465088
v 10.30927848815918 0 -1.7777777910232544
v 10.30927848815918 0 -2
v 10.30927848815918 0 -2.2222223281860352
v 10.30927848815918 0 -2.4444444179534912
v 10.30927848815918 0 -2.6666667461395264
v 10.30927848815918 0 -2.8888888359069824
v 10.30927848815918 0 -3.1111111640930176
v 10.30927848815918 0 -3.3333332538604736
v 10.30927848815918 0 -3.5555555820465088
v 10.30927848815918 0 -3.7777776718139648
v 10.30927848815918 0 -4
v 10.515463829040527 0 0
v 10.515463829040527 0 -0.2222222238779068
v 10.515463829040527 0 -0.4444444477558136
v 10.515463829040527 0 -0.66666668653488159
v 10.515463829040527 0 -0.8888888955116272
v 10.515463829040527 0 -1.1111111640930176
v 10.515463829040527 0 -1.3333333730697632
v 10.515463829040527 0 -1.5555555820465088
v 10.515463829040527 0 -1.7777777910232544
v 10.515463829040527 0 -2
v 10.515463829040527 0 -2.2222223281860352
v 10.515463829040527 0 -2.4444444179534912
v 10.515463829040527 0 -2.6666667461395264
v 10.515463829040527 0 -2.8888888359069824
v 10.515463829040527 0 -3.1111111640930176
v 10.515463829040527 0 -3.3333332538604736
v 10.515463829040527 0 -3.5555555820465088
v 10.515463829040527 0 -3.7777776718139648
v 10.515463829040527 0 -4
v 10.721649169921875 0 0
v 10.721649169921875 0 -0.2222222238779068
v 10.721649169921875 0 -0.4444444477558136
v 10.721649169921875 0 -0.66666668653488159
v 10.721649169921875 0 -0.8888888955116272
v 10.721649169921875 0 -1.1111111640930176
v 10.721649169921875 0 -1.3333333730697632
v 10.721649169921875 0 -1.5555555820465088
v 10.721649169921875 0 -1.7777777910232544
v 10.721649169921875 0 -2
v 10.721649169921875 0 -2.2222223281860352
v 10.721649169921875 0 -2.4444444179534912
v 10.721649169921875 0 -2.6666667461395264
v 10.721649169921875 0 -2.8888888359069824
v 10.721649169921875 0 -3.1111111640930176
v 10.721649169921875 0 -3.3333332538604736
v 10.721649169921875 0 -3.5555555820465088
v 10.721649169921875 0 -3.7777776718139648
v 10.721649169921875 0 -4
v 10.927835464477539 0 0
v 10.927835464477539 0 -0.2222222238779068
v 10.927835464477539 0 -0.4444444477558136
v 10.927835464477539 0 -0.66666668653488159
v 10.927835464477539 0 -0.8888888955116272
v 10.927835464477539 0 -1.1111111640930176
v 10.927835464477539 0 -1.3333333730697632
v 10.927835464477539 0 -1.5555555820465088
v 10.927835464477539 0 -1.7777777910232544
v 10.927835464477539 0 -2
v 10.927835464477539 0 -2.2222223281860352
v 10.927835464477539 0 -2.4444444179534912
v 10.927835464477539 0 -2.6666667461395264
v 10.927835464477539 0 -2.8888888359069824
v 10.927835464477539 0 -3.1111111640930176
v 10.927835464477539 0 -3.3333332538604736
v 10.927835464477539 0 -3.5555555820465088
v 10.927835464477539 0 -3.7777776718139648
v 10.927835464477539 0 -4
v 11.134020805358887 0 0
v 11.134020805358887 0 -0.2222222238779068
v 11.134020805358887 0 -0.4444444477558136
v 11.134020805358887 0 -0.66666668653488159
v 11.134020805358887 0 -0.8888888955116272
v 11.134020805358887 0 -1.1111111640930176
v 11.134020805358887 0 -1.3333333730697632
v 11.134020805358887 0 -1.5555555820465088
v 11.134020805358887 0 -1.7777777910232544
v 11.134020805358887 0 -2
v 11.134020805358887 0 -2.2222223281860352
v 11.134020805358887 0 -2.4444444179534912
v 11.134020805358887 0 -2.6666667461395264
v 11.134020805358887 0 -2.8888888359069824
v 11.134020805358887 0 -3.1111111640930176
v 11.134020805358887 0 -3.3333332538604736
v 11.134020805358887 0 -3.5555555820465088
v 11.134020805358887 0 -3.7777776718139648
v 11.134020805358887 0 -4
v 11.340206146240234 0 0
v 11.340206146240234 0 -0.2222222238779068
v 11.340206146240234 0 -0.4444444477558136
v 11.340206146240234 0 -0.66666668653488159
v 11.340206146240234 0 -0.8888888955116272
v 11.340206146240234 0 -1.1111111640930176
v 11.340206146240234 0 -1.3333333730697632
v 11.340206146240234 0 -1.5555555820465088
v 11.340206146240234 0 -1.7777777910232544
v 11.340206146240234 0 -2
v 11.340206146240234 0 -2.2222223281860352
v 11.340206146240234 0 -2.4444444179534912
v 11.340206146240234 0 -2.6666667461395264
v 11.340206146240234 0 -2.8888888359069824
v 11.340206146240234 0 -3.1111111640930176
v 11.340206146240234 0 -3.3333332538604736
v 11.340206146240234 0 -3.5555555820465088
v 11.340206146240234 0 -3.7777776718139648
v 11.340206146240234 0 -4
v 11.546391487121582 0 0
v 11.546391487121582 0 -0.2222222238779068
v 11.546391487121582 0 -0.4444444477558136
v 11.546391487121582 0 -0.66666668653488159
v 11.546391487121582 0 -0.8888888955116272
v 11.546391487121582 0 -1.1111111640930176
v 11.546391487121582 0 -1.3333333730697632
v 11.546391487121582 0 -1.5555555820465088
v 11.546391487121582 0 -1.7777777910232544
v 11.546391487121582 0 -2
v 11.546391487121582 0 -2.2222223281860352
v 11.546391487121582 0 -2.4444444179534912
v 11.546391487121582 0 -2.6666667461395264
v 11.546391487121582 0 -2.8888888359069824
v 11.546391487121582 0 -3.1111111640930176
v 11.546391487121582 0 -3.3333332538604736
v 11.546391487121582 0 -3.5555555820465088
v 11.546391487121582 0 -3.7777776718139648
v 11.546391487121582 0 -4
v 11.752577781677246 0 0
v 11.752577781677246 0 -0.2222222238779068
v 11.752577781677246 0 -0.4444444477558136
v 11.752577781677246 0 -0.66666668653488159
v 11.752577781677246 0 -0.8888888955116272
v 11.752577781677246 0 -1.1111111640930176
v 11.752577781677246 0 -1.3333333730697632
v 11.752577781677246 0 -1.5555555820465088
v 11.752577781677246 0 -1.7777777910232544
v 11.752577781677246 0 -2
v 11.752577781677246 0 -2.2222223281860352
v 11.752577781677246 0 -2.4444444179534912
v 11.752577781677246 0 -2.6666667461395264
v 11.752577781677246 0 -2.8888888359069824
v 11.752577781677246 0 -3.1111111640930176
v 11.752577781677246 0 -3.3333332538604736
v 11.752577781677246 0 -3.5555555820465088
v 11.752577781677246 0 -3.7777776718139648
v 11.752577781677246 0 -4
v 11.958763122558594 0 0
v 11.958763122558594 0 -0.2222222238779068
v 11.958763122558594 0 -0.4444444477558136
v 11.958763122558594 0 -0.66666668653488159
v 11.958763122558594 0 -0.8888888955116272
v 11.958763122558594 0 -1.1111111640930176
v 11.958763122558594 0 -1.3333333730697632
v 11.958763122558594 0 -1.5555555820465088
v 11.958763122558594 0 -1.7777777910232544
v 11.958763122558594 0 -2
v 11.958763122558594 0 -2.2222223281860352
v 11.958763122558594 0 -2.4444444179534912
v 11.958763122558594 0 -2.6666667461395264
v 11.958763122558594 0 -2.8888888359069824
v 11.958763122558594 0 -3.1111111640930176
v 11.958763122558594 0 -3.3333332538604736
v 11.958763122558594 0 -3.5555555820465088
v 11.958763122558594 0 -3.7777776718139648
v 11.958763122558594 0 -4
v 12.164948463439941 0 0
v 12.164948463439941 0 -0.2222222238779068
v 12.164948463439941 0 -0.4444444477558136
v 12.164948463439941 0 -0.66666668653488159
v 12.164948463439941 0 -0.8888888955116272
v 12.164948463439941 0 -1.1111111640930176
v 12.164948463439941 0 -1.3333333730697632
v 12.164948463439941 0 -1.5555555820465088
v 12.164948463439941 0 -1.7777777910232544
v 12.164948463439941 0 -2
v 12.164948463439941 0 -2.2222223281860352
v 12.164948463439941 0 -2.4444444179534912
v 12.164948463439941 0 -2.6666667461395264
v 12.164948463439941 0 -2.8888888359069824
v 12.164948463439941 0 -3.1111111640930176
v 12.164948463439941 0 -3.3333332538604736
v 12.164948463439941 0 -3.5555555820465088
v 12.164948463439941 0 -3.7777776718139648
v 12.164948463439941 0 -4
v 12.371133804321289 0 0
v 12.371133804321289 0 -0.2222222238779068
v 12.371133804321289 0 -0.4444444477558136
v 12.371133804321289 0 -0.66666668653488159
v 12.371133804321289 0 -0.8888888955116272
v 12.371133804321289 0 -1.1111111640930176
v 12.371133804321289 0 -1.3333333730697632
v 12.371133804321289 0 -1.5555555820465088
v 12.371133804321289 0 -1.7777777910232544
v 12.371133804321289 0 -2
v 12.371133804321289 0 -2.2222223281860352
v 12.371133804321289 0 -2.4444444179534912
v 12.371133804321289 0 -2.6666667461395264
v 12.371133804321289 0 -2.8888888359069824
v 12.371133804321289 0 -3.1111111640930176
v 12.371133804321289 0 -3.3333332538604736
v 12.371133804321289 0 -3.5555555820465088
v 12.371133804321289 0 -3.7777776718139648
v 12.371133804321289 0 -4
v 12.577319145202637 0 0
v 12.577319145202637 0 -0.2222222238779068
v 12.577319145202637 0 -0.4444444477558136
v 12.577319145202637 0 -0.66666668653488159
v 12.577319145202637 0 -0.8888888955116272
v 12.577319145202637 0 -1.1111111640930176
v 12.577319145202637 0 -1.3333333730697632
v 12.577319145202637 0 -1.5555555820465088
v 12.577319145202637 0 -1.7777777910232544
v 12.577319145202637 0 -2
v 12.577319145202637 0 -2.2222223281860352
v 12.577319145202637 0 -2.4444444179534912
v 12.577319145202637 0 -2.6666667461395264
v 12.577319145202637 0 -2.8888888359069824
v 12.577319145202637 0 -3.1111111640930176
v 12.577319145202637 0 -3.3333332538604736
v 12.577319145202637 0 -3.5555555820465088
v 12.577319145202637 0 -3.7777776718139648
v 12.577319145202637 0 -4
v 12.783505439758301 0 0
v 12.783505439758301 0 -0.2222222238779068
v 12.783505439758301 0 -0.4444444477558136
v 12.783505439758301 0 -0.66666668653488159
v 12.783505439758301 0 -0.8888888955116272
v 12.783505439758301 0 -1.1111111640930176
v 12.783505439758301 0 -1.3333333730697632
v 12.783505439758301 0 -1.5555555820465088
v 12.783505439758301 0 -1.7777777910232544
v 12.783505439758301 0 -2
v 12.783505439758301 0 -2.2222223281860352
v 12.783505439758301 0 -2.4444444179534912
v 12.783505439758301 0 -2.6666667461395264
v 12.783505439758301 0 -2.8888888359069824
v 12.783505439758301 0 -3.1111111640930176
v 12.783505439758301 0 -3.3333332538604736
v 12.783505439758301 0 -3.5555555820465088
v 12.783505439758301 0 -3.7777776718139648
v 12.783505439758301 0 -4
v 12.989690780639648 0 0
v 12.989690780639648 0 -0.2222222238779068
v 12.989690780639648 0 -0.4444444477558136
v 12.989690780639648 0 -0.66666668653488159
v 12.989690780639648 0 -0.8888888955116272
v 12.989690780639648 0 -1.1111111640930176
v 12.989690780639648 0 -1.3333333730697632
v 12.989690780639648 0 -1.5555555820465088
v 12.989690780639648 0 -1.7777777910232544
v 12.989690780639648 0 -2
v 12.989690780639648 0 -2.2222223281860352
v 12.989690780639648 0 -2.4444444179534912
v 12.989690780639648 0 -2.6666667461395264
v 12.989690780639648 0 -2.8888888359069824
v 12.989690780639648 0 -3.1111111640930176
v 12.989690780639648 0 -3.3333332538604736
v 12.989690780639648 0 -3.5555555820465088
v 12.989690780639648 0 -3.7777776718139648
v 12.989690780639648 0 -4
v 13.195876121520996 0 0
v 13.195876121520996 0 -0.2222222238779068
v 13.195876121520996 0 -0.4444444477558136
v 13.195876121520996 0 -0.66666668653488159
v 13.195876121520996 0 -0.8888888955116272
v 13.195876121520996 0 -1.1111111640930176
v 13.195876121520996 0 -1.3333333730697632
v 13.195876121520996 0 -1.5555555820465088
v 13.195876121520996 0 -1.7777777910232544
v 13.195876121520996 0 -2
v 13.195876121520996 0 -2.2222223281860352
v 13.195876121520996 0 -2.4444444179534912
v 13.195876121520996 0 -2.6666667461395264
v 13.195876121520996 0 -2.8888888359069824
v 13.195876121520996 0 -3.1111111640930176
v 13.195876121520996 0 -3.3333332538604736
v 13.195876121520996 0 -3.5555555820465088
v 13.195876121520996 0 -3.7777776718139648
v 13.195876121520996 0 -4
v 13.402061462402344 0 0
v 13.402061462402344 0 -0.2222222238779068
v 13.402061462402344 0 -0.4444444477558136
v 13.402061462402344 0 -0.66666668653488159
v 13.402061462402344 0 -0.8888888955116272
v 13.402061462402344 0 -1.1111111640930176
v 13.402061462402344 0 -1.3333333730697632
v 13.402061462402344 0 -1.5555555820465088
v 13.402061462402344 0 -1.7777777910232544
v 13.402061462402344 0 -2
v 13.402061462402344 0 -2.2222223281860352
v 13.402061462402344 0 -2.4444444179534912
v 13.402061462402344 0 -2.6666667461395264
v 13.402061462402344 0 -2.8888888359069824
v 13.402061462402344 0 -3.1111111640930176
v 13.402061462402344 0 -3.3333332538604736
v 13.402061462402344 0 -3.5555555820465088
v 13.402061462402344 0 -3.7777776718139648
v 13.402061462402344 0 -4
v 13.608247756958008 0 0
v 13.608247756958008 0 -0.2222222238779068
v 13.608247756958008 0 -0.4444444477558136
v 13.608247756958008 0 -0.66666668653488159
v 13.608247756958008 0 -0.8888888955116272
v 13.608247756958008 0 -1.1111111640930176
v 13.608247756958008 0 -1.3333333730697632
v 13.608247756958008 0 -1.5555555820465088
v 13.608247756958008 0 -1.7777777910232544
v 13.608247756958008 0 -2
v 13.608247756958008 0 -2.2222223281860352
v 13.608247756958008 0 -2.4444444179534912
v 13.608247756958008 0 -2.6666667461395264
v 13.608247756958008 0 -2.8888888359069824
v 13.608247756958008 0 -3.1111111640930176
v 13.608247756958008 0 -3.3333332538604736
v 13.608247756958008 0 -3.5555555820465088
v 13.608247756958008 0 -3.7777776718139648
v 13.608247756958008 0 -4
v 13.814433097839355 0 0
v 13.814433097839355 0 -0.2222222238779068
v 13.814433097839355 0 -0.4444444477558136
v 13.814433097839355 0 -0.66666668653488159
v 13.814433097839355 0 -0.8888888955116272
v 13.814433097839355 0 -1.1111111640930176
v 13.814433097839355 0 -1.3333333730697632
v 13.814433097839355 0 -1.5555555820465088
v 13.814433097839355 0 -1.7777777910232544
v 13.814433097839355 0 -2
v 13.814433097839355 0 -2.2222223281860352
v 13.814433097839355 0 -2.4444444179534912
v 13.814433097839355 0 -2.6666667461395264
v 13.814433097839355 0 -2.8888888359069824
v 13.814433097839355 0 -3.1111111640930176
v 13.814433097839355 0 -3.3333332538604736
v 13.814433097839355 0 -3.5555555820465088
v 13.814433097839355 0 -3.7777776718139648
v 13.814433097839355 0 -4
v 14.020618438720703 0 0
v 14.020618438720703 0 -0.2222222238779068
v 14.020618438720703 0 -0.4444444477558136
v 14.020618438720703 0 -0.66666668653488159
v 14.020618438720703 0 -0.8888888955116272
v 14.020618438720703 0 -1.1111111640930176
v 14.020618438720703 0 -1.3333333730697632
v 14.020618438720703 0 -1.5555555820465088
v 14.020618438720703 0 -1.7777777910232544
v 14.020618438720703 0 -2
v 14.020618438720703 0 -2.2222223281860352
v 14.020618438720703 0 -2.4444444179534912
v 14.020618438720703 0 -2.6666667461395264
v 14.020618438720703 0 -2.8888888359069824
v 14.020618438720703 0 -3.1111111640930176
v 14.020618438720703 0 -3.3333332538604736
v 14.020618438720703 0 -3.5555555820465088
v 14.020618438720703 0 -3.7777776718139648
v 14.020618438720703 0 -4
v 14.226803779602051 0 0
v 14.226803779602051 0 -0.2222222238779068
v 14.226803779602051 0 -0.4444444477558136
v 14.226803779602051 0 -0.66666668653488159
v 14.226803779602051 0 -0.8888888955116272
v 14.226803779602051 0 -1.1111111640930176
v 14.226803779602051 0 -1.3333333730697632
v 14.226803779602051 0 -1.5555555820465088
v 14.226803779602051 0 -1.7777777910232544
v 14.226803779602051 0 -2
v 14.226803779602051 0 -2.2222223281860352
v 14.226803779602051 0 -2.4444444179534912
v 14.226803779602051 0 -2.6666667461395264
v 14.226803779602051 0 -2.8888888359069824
v 14.226803779602051 0 -3.1111111640930176
v 14.226803779602051 0 -3.3333332538604736
v 14.226803779602051 0 -3.5555555820465088
v 14.226803779602051 0 -3.7777776718139648
v 14.226803779602051 0 -4
v 14.432990074157715 0 0
v 14.432990074157715 0 -0.2222222238779068
v 14.432990074157715 0 -0.4444444477558136
v 14.432990074157715 0 -0.66666668653488159
v 14.432990074157715 0 -0.8888888955116272
v 14.432990074157715 0 -1.1111111640930176
v 14.432990074157715 0 -1.3333333730697632
v 14.432990074157715 0 -1.5555555820465088
v 14.432990074157715 0 -1.7777777910232544
v 14.432990074157715 0 -2
v 14.432990074157715 0 -2.2222223281860352
v 14.432990074157715 0 -2.4444444179534912
v 14.432990074157715 0 -2.6666667461395264
v 14.432990074157715 0 -2.8888888359069824
v 14.432990074157715 0 -3.1111111640930176
v 14.432990074157715 0 -3.3333332538604736
v 14.432990074157715 0 -3.5555555820465088
v 14.432990074157715 0 -3.7777776718139648
v 14.432990074157715 0 -4
v 14.639175415039063 0 0
v 14.639175415039063 0 -0.2222222238779068
v 14.639175415039063 0 -0.4444444477558136
v 14.639175415039063 0 -0.66666668653488159
v 14.639175415039063 0 -0.8888888955116272
v 14.639175415039063 0 -1.1111111640930176
v 14.639175415039063 0 -1.3333333730697632
v 14.639175415039063 0 -1.5555555820465088
v 14.639175415039063 0 -1.7777777910232544
v 14.639175415039063 0 -2
v 14.639175415039063 0 -2.2222223281860352
v 14.639175415039063 0 -2.4444444179534912
v 14.639175415039063 0 -2.6666667461395264
v 14.639175415039063 0 -2.8888888359069824
v 14.639175415039063 0 -3.1111111640930176
v 14.639175415039063 0 -3.3333332538604736
v 14.639175415039063 0 -3.5555555820465088
v 14.639175415039063 0 -3.7777776718139648
v 14.639175415039063 0 -4
v 14.84536075592041 0 0
v 14.84536075592041 0 -0.2222222238779068
v 14.84536075592041 0 -0.4444444477558136
v 14.84536075592041 0 -0.66666668653488159
v 14.84536075592041 0 -0.8888888955116272
v 14.84536075592041 0 -1.1111111640930176
v 14.84536075592041 0 -1.3333333730697632
v 14.84536075592041 0 -1.5555555820465088
v 14.84536075592041 0 -1.7777777910232544
v 14.84536075592041 0 -2
v 14.84536075592041 0 -2.2222223281860352
v 14.84536075592041 0 -2.4444444179534912
v 14.84536075592041 0 -2.6666667461395264
v 14.84536075592041 0 -2.8888888359069824
v 14.84536075592041 0 -3.1111111640930176
v 14.84536075592041 0 -3.3333332538604736
v 14.84536075592041 0 -3.5555555820465088
v 14.84536075592041 0 -3.7777776718139648
v 14.84536075592041 0 -4
v 15.051546096801758 0 0
v 15.051546096801758 0 -0.2222222238779068
v 15.051546096801758 0 -0.4444444477558136
v 15.051546096801758 0 -0.66666668653488159
v 15.051546096801758 0 -0.8888888955116272
v 15.051546096801758 0 -1.1111111640930176
v 15.051546096801758 0 -1.3333333730697632
v 15.051546096801758 0 -1.5555555820465088
v 15.051546096801758 0 -1.7777777910232544
v 15.051546096801758 0 -2
v 15.051546096801758 0 -2.2222223281860352
v 15.051546096801758 0 -2.4444444179534912
v 15.051546096801758 0 -2.6666667461395264
v 15.051546096801758 0 -2.8888888359069824
v 15.051546096801758 0 -3.1111111640930176
v 15.051546096801758 0 -3.3333332538604736
v 15.051546096801758 0 -3.5555555820465088
v 15.051546096801758 0 -3.7777776718139648
v 15.051546096801758 0 -4
v 15.257732391357422 0 0
v 15.257732391357422 0 -0.2222222238779068
v 15.257732391357422 0 -0.4444444477558136
v 15.257732391357422 0 -0.66666668653488159
v 15.257732391357422 0 -0.8888888955116272
v 15.257732391357422 0 -1.1111111640930176
v 15.257732391357422 0 -1.3333333730697632
v 15.257732391357422 0 -1.5555555820465088
v 15.257732391357422 0 -1.7777777910232544
v 15.257732391357422 0 -2
v 15.257732391357422 0 -2.2222223281860352
v 15.257732391357422 0 -2.4444444179534912
v 15.257732391357422 0 -2.6666667461395264
v 15.257732391357422 0 -2.8888888359069824
v 15.257732391357422 0 -3.1111111640930176
v 15.257732391357422 0 -3.3333332538604736
v 15.257732391357422 0 -3.5555555820465088
v 15.257732391357422 0 -3.7777776718139648
v 15.257732391357422 0 -4
v 15.46391773223877 0 0
v 15.46391773223877 0 -0.2222222238779068
v 15.46391773223877 0 -0.4444444477558136
v 15.46391773223877 0 -0.66666668653488159
v 15.46391773223877 0 -0.8888888955116272
v 15.46391773223877 0 -1.1111111640930176
v 15.46391773223877 0 -1.3333333730697632
v 15.46391773223877 0 -1.5555555820465088
v 15.46391773223877 0 -1.7777777910232544
v 15.46391773223877 0 -2
v 15.46391773223877 0 -2.2222223281860352
v 15.46391773223877 0 -2.4444444179534912
v 15.46391773223877 0 -2.6666667461395264
v 15.46391773223877 0 -2.8888888359069824
v 15.46391773223877 0 -3.1111111640930176
v 15.46391773223877 0 -3.3333332538604736
v 15.46391773223877 0 -3.5555555820465088
v 15.46391773223877 0 -3.7777776718139648
v 15.46391773223877 0 -4
v 15.670103073120117 0 0
v 15.670103073120117 0 -0.2222222238779068
v 15.670103073120117 0 -0.4444444477558136
v 15.670103073120117 0 -0.66666668653488159
v 15.670103073120117 0 -0.8888888955116272
v 15.670103073120117 0 -1.1111111640930176
v 15.670103073120117 0 -1.3333333730697632
v 15.670103073120117 0 -1.5555555820465088
v 15.670103073120117 0 -1.7777777910232544
v 15.670103073120117 0 -2
v 15.670103073120117 0 -2.2222223281860352
v 15.670103073120117 0 -2.4444444179534912
v 15.670103073120117 0 -2.6666667461395264
v 15.670103073120117 0 -2.8888888359069824
v 15.670103073120117 0 -3.1111111640930176
v 15.670103073120117 0 -3.3333332538604736
v 15.670103073120117 0 -3.5555555820465088
v 15.670103073120117 0 -3.7777776718139648
v 15.670103073120117 0 -4
v 15.876288414001465 0 0
v 15.876288414001465 0 -0.2222222238779068
v 15.876288414001465 0 -0.4444444477558136
v 15.876288414001465 0 -0.66666668653488159
v 15.876288414001465 0 -0.8888888955116272
v 15.876288414001465 0 -1.1111111640930176
v 15.876288414001465 0 -1.3333333730697632
v 15.876288414001465 0 -1.5555555820465088
v 15.876288414001465 0 -1.7777777910232544
v 15.876288414001465 0 -2
v 15.876288414001465 0 -2.2222223281860352
v 15.876288414001465 0 -2.4444444179534912
v 15.876288414001465 0 -2.6666667461395264
v 15.876288414001465 0 -2.8888888359069824
v 15.876288414001465 0 -3.1111111640930176
v 15.876288414001465 0 -3.3333332538604736
v 15.876288414001465 0 -3.5555555820465088
v 15.876288414001465 0 -3.7777776718139648
v 15.876288414001465 0 -4
v 16.082473754882813 0 0
v 16.082473754882813 0 -0.2222222238779068
v 16.082473754882813 0 -0.4444444477558136
v 16.082473754882813 0 -0.66666668653488159
v 16.082473754882813 0 -0.8888888955116272
v 16.082473754882813 0 -1.1111111640930176
v 16.082473754882813 0 -1.3333333730697632
v 16.082473754882813 0 -1.5555555820465088
v 16.082473754882813 0 -1.7777777910232544
v 16.082473754882813 0 -2
v 16.082473754882813 0 -2.2222223281860352
v 16.082473754882813 0 -2.4444444179534912
v 16.082473754882813 0 -2.6666667461395264
v 16.082473754882813 0 -2.8888888359069824
v 16.082473754882813 0 -3.1111111640930176
v 16.082473754882813 0 -3.3333332538604736
v 16.082473754882813 0 -3.5555555820465088
v 16.082473754882813 0 -3.7777776718139648
v 16.082473754882813 0 -4
v 16.288660049438477 0 0
v 16.288660049438477 0 -0.2222222238779068
v 16.288660049438477 0 -0.4444444477558136
v 16.288660049438477 0 -0.66666668653488159
v 16.288660049438477 0 -0.8888888955116272
v 16.288660049438477 0 -1.1111111640930176
v 16.288660049438477 0 -1.3333333730697632
v 16.288660049438477 0 -1.5555555820465088
v 16.288660049438477 0 -1.7777777910232544
v 16.288660049438477 0 -2
v 16.288660049438477 0 -2.2222223281860352
v 16.288660049438477 0 -2.4444444179534912
v 16.288660049438477 0 -2.6666667461395264
v 16.288660049438477 0 -2.8888888359069824
v 16.288660049438477 0 -3.1111111640930176
v 16.288660049438477 0 -3.3333332538604736
v 16.288660049438477 0 -3.5555555820465088
v 16.288660049438477 0 -3.7777776718139648
v 16.288660049438477 0 -4
v 16.494844436645508 0 0
v 16.494844436645508 0 -0.2222222238779068
v 16.494844436645508 0 -0.4444444477558136
v 16.494844436645508 0 -0.66666668653488159
v 16.494844436645508 0 -0.8888888955116272
v 16.494844436645508 0 -1.1111111640930176
v 16.494844436645508 0 -1.3333333730697632
v 16.494844436645508 0 -1.5555555820465088
v 16.494844436645508 0 -1.7777777910232544
v 16.494844436645508 0 -2
v 16.494844436645508 0 -2.2222223281860352
v 16.494844436645508 0 -2.4444444179534912
v 16.494844436645508 0 -2.6666667461395264
v 16.494844436645508 0 -2.8888888359069824
v 16.494844436645508 0 -3.1111111640930176
v 16.494844436645508 0 -3.3333332538604736
v 16.494844436645508 0 -3.5555555820465088
v 16.494844436645508 0 -3.7777776718139648
v 16.494844436645508 0 -4
v 16.701030731201172 0 0
v 16.701030731201172 0 -0.2222222238779068
v 16.701030731201172 0 -0.4444444477558136
v 16.701030731201172 0 -0.66666668653488159
v 16.701030731201172 0 -0.8888888955116272
v 16.701030731201172 0 -1.1111111640930176
v 16.701030731201172 0 -1.3333333730697632
v 16.701030731201172 0 -1.5555555820465088
v 16.701030731201172 0 -1.7777777910232544
v 16.701030731201172 0 -2
v 16.701030731201172 0 -2.2222223281860352
v 16.701030731201172 0 -2.4444444179534912
v 16.701030731201172 0 -2.6666667461395264
v 16.701030731201172 0 -2.8888888359069824
v 16.701030731201172 0 -3.1111111640930176
v 16.701030731201172 0 -3.3333332538604736
v 16.701030731201172 0 -3.5555555820465088
v 16.701030731201172 0 -3.7777776718139648
v 16.701030731201172 0 -4
v 16.907217025756836 0 0
v 16.907217025756836 0 -0.2222222238779068
v 16.907217025756836 0 -0.4444444477558136
v 16.907217025756836 0 -0.66666668653488159
v 16.907217025756836 0 -0.8888888955116272
v 16.907217025756836 0 -1.1111111640930176
v 16.907217025756836 0 -1.3333333730697632
v 16.907217025756836 0 -1.5555555820465088
v 16.907217025756836 0 -1.7777777910232544
v 16.907217025756836 0 -2
v 16.907217025756836 0 -2.2222223281860352
v 16.907217025756836 0 -2.4444444179534912
v 16.907217025756836 0 -2.6666667461395264
v 16.907217025756836 0 -2.8888888359069824
v 16.907217025756836 0 -3.1111111640930176
v 16.907217025756836 0 -3.3333332538604736
v 16.907217025756836 0 -3.5555555820465088
v 16.907217025756836 0 -3.7777776718139648
v 16.907217025756836 0 -4
v 17.113401412963867 0 0
v 17.113401412963867 0 -0.2222222238779068
v 17.113401412963867 0 -0.4444444477558136
v 17.113401412963867 0 -0.66666668653488159
v 17.113401412963867 0 -0.8888888955116272
v 17.113401412963867 0 -1.1111111640930176
v 17.113401412963867 0 -1.3333333730697632
v 17.113401412963867 0 -1.5555555820465088
v 17.113401412963867 0 -1.7777777910232544
v 17.113401412963867 0 -2
v 17.113401412963867 0 -2.2222223281860352
v 17.113401412963867 0 -2.4444444179534912
v 17.113401412963867 0 -2.6666667461395264
v 17.113401412963867 0 -2.8888888359069824
v 17.113401412963867 0 -3.1111111640930176
v 17.113401412963867 0 -3.3333332538604736
v 17.113401412963867 0 -3.5555555820465088
v 17.113401412963867 0 -3.7777776718139648
v 17.113401412963867 0 -4
v 17.319587707519531 0 0
v 17.319587707519531 0 -0.2222222238779068
v 17.319587707519531 0 -0.4444444477558136
v 17.319587707519531 0 -0.66666668653488159
v 17.319587707519531 0 -0.8888888955116272
v 17.319587707519531 0 -1.1111111640930176
v 17.319587707519531 0 -1.3333333730697632
v 17.319587707519531 0 -1.5555555820465088
v 17.319587707519531 0 -1.7777777910232544
v 17.319587707519531 0 -2
v 17.319587707519531 0 -2.2222223281860352
v 17.319587707519531 0 -2.4444444179534912
v 17.319587707519531 0 -2.6666667461395264
v 17.319587707519531 0 -2.8888888359069824
v 17.319587707519531 0 -3.1111111640930176
v 17.319587707519531 0 -3.3333332538604736
v 17.319587707519531 0 -3.5555555820465088
v 17.319587707519531 0 -3.7777776718139648
v 17.319587707519531 0 -4
v 17.525774002075195 0 0
v 17.525774002075195 0 -0.2222222238779068
v 17.525774002075195 0 -0.4444444477558136
v 17.525774002075195 0 -0.66666668653488159
v 17.525774002075195 0 -0.8888888955116272
v 17.525774002075195 0 -1.1111111640930176
v 17.525774002075195 0 -1.3333333730697632
v 17.525774002075195 0 -1.5555555820465088
v 17.525774002075195 0 -1.7777777910232544
v 17.525774002075195 0 -2
v 17.525774002075195 0 -2.2222223281860352
v 17.525774002075195 0 -2.4444444179534912
v 17.525774002075195 0 -2.6666667461395264
v 17.525774002075195 0 -2.8888888359069824
v 17.525774002075195 0 -3.1111111640930176
v 17.525774002075195 0 -3.3333332538604736
v 17.525774002075195 0 -3.5555555820465088
v 17.525774002075195 0 -3.7777776718139648
v 17.525774002075195 0 -4
v 17.731958389282227 0 0
v 17.731958389282227 0 -0.2222222238779068
v 17.731958389282227 0 -0.4444444477558136
v 17.731958389282227 0 -0.66666668653488159
v 17.731958389282227 0 -0.8888888955116272
v 17.731958389282227 0 -1.1111111640930176
v 17.731958389282227 0 -1.3333333730697632
v 17.731958389282227 0 -1.5555555820465088
v 17.731958389282227 0 -1.7777777910232544
v 17.731958389282227 0 -2
v 17.731958389282227 0 -2.2222223281860352
v 17.731958389282227 0 -2.4444444179534912
v 17.731958389282227 0 -2.6666667461395264
v 17.731958389282227 0 -2.8888888359069824
v 17.731958389282227 0 -3.1111111640930176
v 17.731958389282227 0 -3.3333332538604736
v 17.731958389282227 0 -3.5555555820465088
v 17.731958389282227 0 -3.7777776718139648
v 17.731958389282227 0 -4
v 17.938144683837891 0 0
v 17.938144683837891 0 -0.2222222238779068
v 17.938144683837891 0 -0.4444444477558136
v 17.938144683837891 0 -0.66666668653488159
v 17.938144683837891 0 -0.8888888955116272
v 17.938144683837891 0 -1.1111111640930176
v 17.938144683837891 0 -1.3333333730697632
v 17.938144683837891 0 -1.5555555820465088
v 17.938144683837891 0 -1.7777777910232544
v 17.938144683837891 0 -2
v 17.938144683837891 0 -2.2222223281860352
v 17.938144683837891 0 -2.4444444179534912
v 17.938144683837891 0 -2.6666667461395264
v 17.938144683837891 0 -2.8888888359069824
v 17.938144683837891 0 -3.1111111640930176
v 17.938144683837891 0 -3.3333332538604736
v 17.938144683837891 0 -3.5555555820465088
v 17.938144683837891 0 -3.7777776718139648
v 17.938144683837891 0 -4
v 18.144329071044922 0 0
v 18.144329071044922 0 -0.2222222238779068
v 18.144329071044922 0 -0.4444444477558136
v 18.144329071044922 0 -0.66666668653488159
v 18.144329071044922 0 -0.8888888955116272
v 18.144329071044922 0 -1.1111111640930176
v 18.144329071044922 0 -1.3333333730697632
v 18.144329071044922 0 -1.5555555820465088
v 18.144329071044922 0 -1.7777777910232544
v 18.144329071044922 0 -2
v 18.144329071044922 0 -2.2222223281860352
v 18.144329071044922 0 -2.4444444179534912
v 18.144329071044922 0 -2.6666667461395264
v 18.144329071044922 0 -2.8888888359069824
v 18.144329071044922 0 -3.1111111640930176
v 18.144329071044922 0 -3.3333332538604736
v 18.144329071044922 0 -3.5555555820465088
v 18.144329071044922 0 -3.7777776718139648
v 18.144329071044922 0 -4
v 18.350515365600586 0 0
v 18.350515365600586 0 -0.2222222238779068
v 18.350515365600586 0 -0.4444444477558136
v 18.350515365600586 0 -0.66666668653488159
v 18.350515365600586 0 -0.8888888955116272
v 18.350515365600586 0 -1.1111111640930176
v 18.350515365600586 0 -1.3333333730697632
v 18.350515365600586 0 -1.5555555820465088
v 18.350515365600586 0 -1.7777777910232544
v 18.350515365600586 0 -2
v 18.350515365600586 0 -2.2222223281860352
v 18.350515365600586 0 -2.4444444179534912
v 18.350515365600586 0 -2.6666667461395264
v 18.350515365600586 0 -2.8888888359069824
v 18.350515365600586 0 -3.1111111640930176
v 18.350515365600586 0 -3.3333332538604736
v 18.350515365600586 0 -3.5555555820465088
v 18.350515365600586 0 -3.7777776718139648
v 18.350515365600586 0 -4
v 18.55670166015625 0 0
v 18.55670166015625 0 -0.2222222238779068
v 18.55670166015625 0 -0.4444444477558136
v 18.55670166015625 0 -0.66666668653488159
v 18.55670166015625 0 -0.8888888955116272
v 18.55670166015625 0 -1.1111111640930176
v 18.55670166015625 0 -1.3333333730697632
v 18.55670166015625 0 -1.5555555820465088
v 18.55670166015625 0 -1.7777777910232544
v 18.55670166015625 0 -2
v 18.55670166015625 0 -2.2222223281860352
v 18.55670166015625 0 -2.4444444179534912
v 18.55670166015625 0 -2.6666667461395264
v 18.55670166015625 0 -2.8888888359069824
v 18.55670166015625 0 -3.1111111640930176
v 18.55670166015625 0 -3.3333332538604736
v 18.55670166015625 0 -3.5555555820465088
v 18.55670166015625 0 -3.7777776718139648
v 18.55670166015625 0 -4
v 18.762886047363281 0 0
v 18.762886047363281 0 -0.2222222238779068
v 18.762886047363281 0 -0.4444444477558136
v 18.762886047363281 0 -0.66666668653488159
v 18.762886047363281 0 -0.8888888955116272
v 18.762886047363281 0 -1.1111111640930176
v 18.762886047363281 0 -1.3333333730697632
v 18.762886047363281 0 -1.5555555820465088
v 18.762886047363281 0 -1.7777777910232544
v 18.762886047363281 0 -2
v 18.762886047363281 0 -2.2222223281860352
v 18.762886047363281 0 -2.4444444179534912
v 18.762886047363281 0 -2.6666667461395264
v 18.762886047363281 0 -2.8888888359069824
v 18.762886047363281 0 -3.1111111640930176
v 18.762886047363281 0 -3.3333332538604736
v 18.762886047363281 0 -3.5555555820465088
v 18.762886047363281 0 -3.7777776718139648
v 18.762886047363281 0 -4
v 18.969072341918945 0 0
v 18.969072341918945 0 -0.2222222238779068
v 18.969072341918945 0 -0.4444444477558136
v 18.969072341918945 0 -0.66666668653488159
v 18.969072341918945 0 -0.8888888955116272
v 18.969072341918945 0 -1.1111111640930176
v 18.969072341918945 0 -1.3333333730697632
v 18.969072341918945 0 -1.5555555820465088
v 18.969072341918945 0 -1.7777777910232544
v 18.969072341918945 0 -2
v 18.969072341918945 0 -2.2222223281860352
v 18.969072341918945 0 -2.4444444179534912
v 18.969072341918945 0 -2.6666667461395264
v 18.969072341918945 0 -2.8888888359069824
v 18.969072341918945 0 -3.1111111640930176
v 18.969072341918945 0 -3.3333332538604736
v 18.969072341918945 0 -3.5555555820465088
v 18.969072341918945 0 -3.7777776718139648
v 18.969072341918945 0 -4
v 19.175258636474609 0 0
v 19.175258636474609 0 -0.2222222238779068
v 19.175258636474609 0 -0.4444444477558136
v 19.175258636474609 0 -0.66666668653488159
v 19.175258636474609 0 -0.8888888955116272
v 19.175258636474609 0 -1.1111111640930176
v 19.175258636474609 0 -1.3333333730697632
v 19.175258636474609 0 -1.5555555820465088
v 19.175258636474609 0 -1.7777777910232544
v 19.175258636474609 0 -2
v 19.175258636474609 0 -2.2222223281860352
v 19.175258636474609 0 -2.4444444179534912
v 19.175258636474609 0 -2.6666667461395264
v 19.175258636474609 0 -2.8888888359069824
v 19.175258636474609 0 -3.1111111640930176
v 19.175258636474609 0 -3.3333332538604736
v 19.175258636474609 0 -3.5555555820465088
v 19.175258636474609 0 -3.7777776718139648
v 19.175258636474609 0 -4
v 19.381443023681641 0 0
v 19.381443023681641 0 -0.2222222238779068
v 19.381443023681641 0 -0.4444444477558136
v 19.381443023681641 0 -0.66666668653488159
v 19.381443023681641 0 -0.8888888955116272
v 19.381443023681641 0 -1.1111111640930176
v 19.381443023681641 0 -1.3333333730697632
v 19.381443023681641 0 -1.5555555820465088
v 19.381443023681641 0 -1.7777777910232544
v 19.381443023681641 0 -2
v 19.381443023681641 0 -2.2222223281860352
v 19.381443023681641 0 -2.4444444179534912
v 19.381443023681641 0 -2.6666667461395264
v 19.381443023681641 0 -2.8888888359069824
v 19.381443023681641 0 -3.1111111640930176
v 19.381443023681641 0 -3.3333332538604736
v 19.381443023681641 0 -3.5555555820465088
v 19.381443023681641 0 -3.7777776718139648
v 19.381443023681641 0 -4
v 19.587629318237305 0 0
v 19.587629318237305 0 -0.2222222238779068
v 19.587629318237305 0 -0.4444444477558136
v 19.587629318237305 0 -0.66666668653488159
v 19.587629318237305 0 -0.8888888955116272
v 19.587629318237305 0 -1.1111111640930176
v 19.587629318237305 0 -1.3333333730697632
v 19.587629318237305 0 -1.5555555820465088
v 19.587629318237305 0 -1.7777777910232544
v 19.587629318237305 0 -2
v 19.587629318237305 0 -2.2222223281860352
v 19.587629318237305 0 -2.4444444179534912
v 19.587629318237305 0 -2.6666667461395264
v 19.587629318237305 0 -2.8888888359069824
v 19.587629318237305 0 -3.1111111640930176
v 19.587629318237305 0 -3.3333332538604736
v 19.587629318237305 0 -3.5555555820465088
v 19.587629318237305 0 -3.7777776718139648
v 19.587629318237305 0 -4
v 19.793813705444336 0 0
v 19.793813705444336 0 -0.2222222238779068
v 19.793813705444336 0 -0.4444444477558136
v 19.793813705444336 0 -0.66666668653488159
v 19.793813705444336 0 -0.8888888955116272
v 19.793813705444336 0 -1.1111111640930176
v 19.793813705444336 0 -1.3333333730697632
v 19.793813705444336 0 -1.5555555820465088
v 19.793813705444336 0 -1.7777777910232544
v 19.793813705444336 0 -2
v 19.793813705444336 0 -2.2222223281860352
v 19.793813705444336 0 -2.4444444179534912
v 19.793813705444336 0 -2.6666667461395264
v 19.793813705444336 0 -2.8888888359069824
v 19.793813705444336 0 -3.1111111640930176
v 19.793813705444336 0 -3.3333332538604736
v 19.793813705444336 0 -3.5555555820465088
v 19.793813705444336 0 -3.7777776718139648
v 19.793813705444336 0 -4
v 20 0 0
v 20 0 -0.2222222238779068
v 20 0 -0.4444444477558136
v 20 0 -0.66666668653488159
v 20 0 -0.8888888955116272
v 20 0 -1.1111111640930176
v 20 0 -1.3333333730697632
v 20 0 -1.5555555820465088
v 20 0 -1.7777777910232544
v 20 0 -2
v 20 0 -2.2222223281860352
v 20 0 -2.4444444179534912
v 20 0 -2.6666667461395264
v 20 0 -2.8888888359069824
v 20 0 -3.1111111640930176
v 20 0 -3.3333332538604736
v 20 0 -3.5555555820465088
v 20 0 -3.7777776718139648
v 20 0 -4
vt 0 0
vt 0 0.0555555559694767
vt 0 0.1111111119389534
vt 0 0.1666666716337204
vt 0 0.2222222238779068
vt 0 0.27777779102325439
vt 0 0.3333333432674408
vt 0 0.3888888955116272
vt 0 0.4444444477558136
vt 0 0.5
vt 0 0.55555558204650879
vt 0 0.6111111044883728
vt 0 0.66666668653488159
vt 0 0.72222220897674561
vt 0 0.77777779102325439
vt 0 0.83333331346511841
vt 0 0.8888888955116272
vt 0 0.94444441795349121
vt 0 1
vt 0.010309278033673763 0
vt 0.010309278033673763 0.0555555559694767
vt 0.010309278033673763 0.1111111119389534
vt 0.010309278033673763 0.1666666716337204
vt 0.010309278033673763 0.2222222238779068
vt 0.010309278033673763 0.27777779102325439
vt 0.010309278033673763 0.3333333432674408
vt 0.010309278033673763 0.3888888955116272
vt 0.010309278033673763 0.4444444477558136
vt 0.010309278033673763 0.5
vt 0.010309278033673763 0.55555558204650879
vt 0.010309278033673763 0.6111111044883728
vt 0.010309278033673763 0.66666668653488159
vt 0.010309278033673763 0.72222220897674561
vt 0.010309278033673763 0.77777779102325439
vt 0.010309278033673763 0.83333331346511841
vt 0.010309278033673763 0.8888888955116272
vt 0.010309278033673763 0.94444441795349121
vt 0.010309278033673763 1
vt 0.020618556067347527 0
vt 0.020618556067347527 0.0555555559694767
vt 0.020618556067347527 0.1111111119389534
vt 0.020618556067347527 0.1666666716337204
vt 0.020618556067347527 0.2222222238779068
vt 0.020618556067347527 0.27777779102325439
vt 0.020618556067347527 0.3333333432674408
vt 0.020618556067347527 0.3888888955116272
vt 0.020618556067347527 0.4444444477558136
vt 0.020618556067347527 0.5
vt 0.020618556067347527 0.55555558204650879
vt 0.020618556067347527 0.6111111044883728
vt 0.020618556067347527 0.66666668653488159
vt 0.020618556067347527 0.72222220897674561
vt 0.020618556067347527 0.77777779102325439
vt 0.020618556067347527 0.83333331346511841
vt 0.020618556067347527 0.8888888955116272
vt 0.020618556067347527 0.94444441795349121
vt 0.020618556067347527 1
vt 0.030927835032343864 0
vt 0.030927835032343864 0.0555555559694767
vt 0.030927835032343864 0.1111111119389534
vt 0.030927835032343864 0.1666666716337204
vt 0.030927835032343864 0.2222222238779068
vt 0.030927835032343864 0.27777779102325439
vt 0.030927835032343864 0.3333333432674408
vt 0.030927835032343864 0.3888888955116272
vt 0.030927835032343864 0.4444444477558136
vt 0.030927835032343864 0.5
vt 0.030927835032343864 0.55555558204650879
vt 0.030927835032343864 0.6111111044883728
vt 0.030927835032343864 0.66666668653488159
vt 0.030927835032343864 0.72222220897674561
vt 0.030927835032343864 0.77777779102325439
vt 0.030927835032343864 0.83333331346511841
vt 0.030927835032343864 0.8888888955116272
vt 0.030927835032343864 0.94444441795349121
vt 0.030927835032343864 1
vt 0.041237112134695053 0
vt 0.041237112134695053 0.0555555559694767
vt 0.041237112134695053 0.1111111119389534
vt 0.041237112134695053 0.1666666716337204
vt 0.041237112134695053 0.2222222238779068
vt 0.041237112134695053 0.27777779102325439
vt 0.041237112134695053 0.3333333432674408
vt 0.041237112134695053 0.3888888955116272
vt 0.041237112134695053 0.4444444477558136
vt 0.041237112134695053 0.5
vt 0.041237112134695053 0.55555558204650879
vt 0.041237112134695053 0.6111111044883728
vt 0.041237112134695053 0.66666668653488159
vt 0.041237112134695053 0.72222220897674561
vt 0.041237112134695053 0.77777779102325439
vt 0.041237112134695053 0.83333331346511841
vt 0.041237112134695053 0.8888888955116272
vt 0.041237112134695053 0.94444441795349121
vt 0.041237112134695053 1
vt 0.051546391099691391 0
vt 0.051546391099691391 0.0555555559694767
vt 0.051546391099691391 0.1111111119389534
vt 0.051546391099691391 0.1666666716337204
vt 0.051546391099691391 0.2222222238779068
vt 0.051546391099691391 0.27777779102325439
vt 0.051546391099691391 0.3333333432674408
vt 0.051546391099691391 0.3888888955116272
vt 0.051546391099691391 0.4444444477558136
vt 0.051546391099691391 0.5
vt 0.051546391099691391 0.55555558204650879
vt 0.051546391099691391 0.6111111044883728
vt 0.051546391099691391 0.66666668653488159
vt 0.051546391099691391 0.72222220897674561
vt 0.051546391099691391 0.77777779102325439
vt 0.051546391099691391 0.83333331346511841
vt 0.051546391099691391 0.8888888955116272
vt 0.051546391099691391 0.94444441795349121
vt 0.051546391099691391 1
vt 0.061855670064687729 0
vt 0.061855670064687729 0.0555555559694767
vt 0.061855670064687729 0.1111111119389534
vt 0.061855670064687729 0.1666666716337204
vt 0.061855670064687729 0.2222222238779068
vt 0.061855670064687729 0.27777779102325439
vt 0.061855670064687729 0.3333333432674408
vt 0.061855670064687729 0.3888888955116272
vt 0.061855670064687729 0.4444444477558136
vt 0.061855670064687729 0.5
vt 0.061855670064687729 0.55555558204650879
vt 0.061855670064687729 0.6111111044883728
vt 0.061855670064687729 0.66666668653488159
vt 0.061855670064687729 0.72222220897674561
vt 0.061855670064687729 0.77777779102325439
vt 0.061855670064687729 0.83333331346511841
vt 0.061855670064687729 0.8888888955116272
vt 0.061855670064687729 0.94444441795349121
vt 0.061855670064687729 1
vt 0.072164945304393768 0
vt 0.072164945304393768 0.0555555559694767
vt 0.072164945304393768 0.1111111119389534
vt 0.072164945304393768 0.1666666716337204
vt 0.072164945304393768 0.2222222238779068
vt 0.072164945304393768 0.27777779102325439
vt 0.072164945304393768 0.3333333432674408
vt 0.072164945304393768 0.3888888955116272
vt 0.072164945304393768 0.4444444477558136
vt 0.072164945304393768 0.5
vt 0.072164945304393768 0.55555558204650879
vt 0.072164945304393768 0.6111111044883728
vt 0.072164945304393768 0.66666668653488159
vt 0.072164945304393768 0.72222220897674561
vt 0.072164945304393768 0.77777779102325439
vt 0.072164945304393768 0.83333331346511841
vt 0.072164945304393768 0.8888888955116272
vt 0.072164945304393768 0.94444441795349121
vt 0.072164945304393768 1
vt 0.082474224269390106 0
vt 0.082474224269390106 0.0555555559694767
vt 0.082474224269390106 0.1111111119389534
vt 0.082474224269390106 0.1666666716337204
vt 0.082474224269390106 0.2222222238779068
vt 0.082474224269390106 0.27777779102325439
vt 0.082474224269390106 0.3333333432674408
vt 0.082474224269390106 0.3888888955116272
vt 0.082474224269390106 0.4444444477558136
vt 0.082474224269390106 0.5
vt 0.082474224269390106 0.55555558204650879
vt 0.082474224269390106 0.6111111044883728
vt 0.082474224269390106 0.66666668653488159
vt 0.082474224269390106 0.72222220897674561
vt 0.082474224269390106 0.77777779102325439
vt 0.082474224269390106 0.83333331346511841
vt 0.082474224269390106 0.8888888955116272
vt 0.082474224269390106 0.94444441795349121
vt 0.082474224269390106 1
vt 0.092783503234386444 0
vt 0.092783503234386444 0.0555555559694767
vt 0.092783503234386444 0.1111111119389534
vt 0.092783503234386444 0.1666666716337204
vt 0.092783503234386444 0.2222222238779068
vt 0.092783503234386444 0.27777779102325439
vt 0.092783503234386444 0.3333333432674408
vt 0.092783503234386444 0.3888888955116272
vt 0.092783503234386444 0.4444444477558136
vt 0.092783503234386444 0.5
vt 0.092783503234386444 0.55555558204650879
vt 0.092783503234386444 0.6111111044883728
vt 0.092783503234386444 0.66666668653488159
vt 0.092783503234386444 0.72222220897674561
vt 0.092783503234386444 0.77777779102325439
vt 0.092783503234386444 0.83333331346511841
vt 0.092783503234386444 0.8888888955116272
vt 0.092783503234386444 0.94444441795349121
vt 0.092783503234386444 1
vt 0.10309278219938278 0
vt 0.10309278219938278 0.0555555559694767
vt 0.10309278219938278 0.1111111119389534
vt 0.10309278219938278 0.1666666716337204
vt 0.10309278219938278 0.2222222238779068
vt 0.10309278219938278 0.27777779102325439
vt 0.10309278219938278 0.3333333432674408
vt 0.10309278219938278 0.3888888955116272
vt 0.10309278219938278 0.4444444477558136
vt 0.10309278219938278 0.5
vt 0.10309278219938278 0.55555558204650879
vt 0.10309278219938278 0.6111111044883728
vt 0.10309278219938278 0.66666668653488159
vt 0.10309278219938278 0.72222220897674561
vt 0.10309278219938278 0.77777779102325439
vt 0.10309278219938278 0.83333331346511841
vt 0.10309278219938278 0.8888888955116272
vt 0.10309278219938278 0.94444441795349121
vt 0.10309278219938278 1
vt 0.11340206116437912 0
vt 0.11340206116437912 0.0555555559694767
vt 0.11340206116437912 0.1111111119389534
vt 0.11340206116437912 0.1666666716337204
vt 0.11340206116437912 0.2222222238779068
vt 0.11340206116437912 0.27777779102325439
vt 0.11340206116437912 0.3333333432674408
vt 0.11340206116437912 0.3888888955116272
vt 0.11340206116437912 0.4444444477558136
vt 0.11340206116437912 0.5
vt 0.11340206116437912 0.55555558204650879
vt 0.11340206116437912 0.6111111044883728
vt 0.11340206116437912 0.66666668653488159
vt 0.11340206116437912 0.72222220897674561
vt 0.11340206116437912 0.77777779102325439
vt 0.11340206116437912 0.83333331346511841
vt 0.11340206116437912 0.8888888955116272
vt 0.11340206116437912 0.94444441795349121
vt 0.11340206116437912 1
vt 0.12371134012937546 0
vt 0.12371134012937546 0.0555555559694767
vt 0.12371134012937546 0.1111111119389534
vt 0.12371134012937546 0.1666666716337204
vt 0.12371134012937546 0.2222222238779068
vt 0.12371134012937546 0.27777779102325439
vt 0.12371134012937546 0.3333333432674408
vt 0.12371134012937546 0.3888888955116272
vt 0.12371134012937546 0.4444444477558136
vt 0.12371134012937546 0.5
vt 0.12371134012937546 0.55555558204650879
vt 0.12371134012937546 0.6111111044883728
vt 0.12371134012937546 0.66666668653488159
vt 0.12371134012937546 0.72222220897674561
vt 0.12371134012937546 0.77777779102325439
vt 0.12371134012937546 0.83333331346511841
vt 0.12371134012937546 0.8888888955116272
vt 0.12371134012937546 0.94444441795349121
vt 0.12371134012937546 1
vt 0.1340206116437912 0
vt 0.1340206116437912 0.0555555559694767
vt 0.1340206116437912 0.1111111119389534
vt 0.1340206116437912 0.1666666716337204
vt 0.1340206116437912 0.2222222238779068
vt 0.1340206116437912 0.27777779102325439
vt 0.1340206116437912 0.3333333432674408
vt 0.1340206116437912 0.3888888955116272
vt 0.1340206116437912 0.4444444477558136
vt 0.1340206116437912 0.5
vt 0.1340206116437912 0.55555558204650879
vt 0.1340206116437912 0.6111111044883728
vt 0.1340206116437912 0.66666668653488159
vt 0.1340206116437912 0.72222220897674561
vt 0.1340206116437912 0.77777779102325439
vt 0.1340206116437912 0.83333331346511841
vt 0.1340206116437912 0.8888888955116272
vt 0.1340206116437912 0.94444441795349121
vt 0.1340206116437912 1
vt 0.14432989060878754 0
vt 0.14432989060878754 0.0555555559694767
vt 0.14432989060878754 0.1111111119389534
vt 0.14432989060878754 0.1666666716337204
vt 0.14432989060878754 0.2222222238779068
vt 0.14432989060878754 0.27777779102325439
vt 0.14432989060878754 0.3333333432674408
vt 0.14432989060878754 0.3888888955116272
vt 0.14432989060878754 0.4444444477558136
vt 0.14432989060878754 0.5
vt 0.14432989060878754 0.55555558204650879
vt 0.14432989060878754 0.6111111044883728
vt 0.14432989060878754 0.66666668653488159
vt 0.14432989060878754 0.72222220897674561
vt 0.14432989060878754 0.77777779102325439
vt 0.14432989060878754 0.83333331346511841
vt 0.14432989060878754 0.8888888955116272
vt 0.14432989060878754 0.94444441795349121
vt 0.14432989060878754 1
vt 0.15463916957378387 0
vt 0.15463916957378387 0.0555555559694767
vt 0.15463916957378387 0.1111111119389534
vt 0.15463916957378387 0.1666666716337204
vt 0.15463916957378387 0.2222222238779068
vt 0.15463916957378387 0.27777779102325439
vt 0.15463916957378387 0.3333333432674408
vt 0.15463916957378387 0.3888888955116272
vt 0.15463916957378387 0.4444444477558136
vt 0.15463916957378387 0.5
vt 0.15463916957378387 0.55555558204650879
vt 0.15463916957378387 0.6111111044883728
vt 0.15463916957378387 0.66666668653488159
vt 0.15463916957378387 0.72222220897674561
vt 0.15463916957378387 0.77777779102325439
vt 0.15463916957378387 0.83333331346511841
vt 0.15463916957378387 0.8888888955116272
vt 0.15463916957378387 0.94444441795349121
vt 0.15463916957378387 1
vt 0.16494844853878021 0
vt 0.16494844853878021 0.0555555559694767
vt 0.16494844853878021 0.1111111119389534
vt 0.16494844853878021 0.1666666716337204
vt 0.16494844853878021 0.2222222238779068
vt 0.16494844853878021 0.27777779102325439
vt 0.16494844853878021 0.3333333432674408
vt 0.16494844853878021 0.3888888955116272
vt 0.16494844853878021 0.4444444477558136
vt 0.16494844853878021 0.5
vt 0.16494844853878021 0.55555558204650879
vt 0.16494844853878021 0.6111111044883728
vt 0.16494844853878021 0.66666668653488159
vt 0.16494844853878021 0.72222220897674561
vt 0.16494844853878021 0.77777779102325439
vt 0.16494844853878021 0.83333331346511841
vt 0.16494844853878021 0.8888888955116272
vt 0.16494844853878021 0.94444441795349121
vt 0.16494844853878021 1
vt 0.17525772750377655 0
vt 0.17525772750377655 0.0555555559694767
vt 0.17525772750377655 0.1111111119389534
vt 0.17525772750377655 0.1666666716337204
vt 0.17525772750377655 0.2222222238779068
vt 0.17525772750377655 0.27777779102325439
vt 0.17525772750377655 0.3333333432674408
vt 0.17525772750377655 0.3888888955116272
vt 0.17525772750377655 0.4444444477558136
vt 0.17525772750377655 0.5
vt 0.17525772750377655 0.55555558204650879
vt 0.17525772750377655 0.6111111044883728
vt 0.17525772750377655 0.66666668653488159
vt 0.17525772750377655 0.72222220897674561
vt 0.17525772750377655 0.77777779102325439
vt 0.17525772750377655 0.83333331346511841
vt 0.17525772750377655 0.8888888955116272
vt 0.17525772750377655 0.94444441795349121
vt 0.17525772750377655 1
vt 0.18556700646877289 0
vt 0.18556700646877289 0.0555555559694767
vt 0.18556700646877289 0.1111111119389534
vt 0.18556700646877289 0.1666666716337204
vt 0.18556700646877289 0.2222222238779068
vt 0.18556700646877289 0.27777779102325439
vt 0.18556700646877289 0.3333333432674408
vt 0.18556700646877289 0.3888888955116272
vt 0.18556700646877289 0.4444444477558136
vt 0.18556700646877289 0.5
vt 0.18556700646877289 0.55555558204650879
vt 0.18556700646877289 0.6111111044883728
vt 0.18556700646877289 0.66666668653488159
vt 0.18556700646877289 0.72222220897674561
vt 0.18556700646877289 0.77777779102325439
vt 0.18556700646877289 0.83333331346511841
vt 0.18556700646877289 0.8888888955116272
vt 0.18556700646877289 0.94444441795349121
vt 0.18556700646877289 1
vt 0.19587628543376923 0
vt 0.19587628543376923 0.0555555559694767
vt 0.19587628543376923 0.1111111119389534
vt 0.19587628543376923 0.1666666716337204
vt 0.19587628543376923 0.2222222238779068
vt 0.19587628543376923 0.27777779102325439
vt 0.19587628543376923 0.3333333432674408
vt 0.19587628543376923 0.3888888955116272
vt 0.19587628543376923 0.4444444477558136
vt 0.19587628543376923 0.5
vt 0.19587628543376923 0.55555558204650879
vt 0.19587628543376923 0.6111111044883728
vt 0.19587628543376923 0.66666668653488159
vt 0.19587628543376923 0.72222220897674561
vt 0.19587628543376923 0.77777779102325439
vt 0.19587628543376923 0.83333331346511841
vt 0.19587628543376923 0.8888888955116272
vt 0.19587628543376923 0.94444441795349121
vt 0.19587628543376923 1
vt 0.20618556439876556 0
vt 0.20618556439876556 0.0555555559694767
vt 0.20618556439876556 0.1111111119389534
vt 0.20618556439876556 0.1666666716337204
vt 0.20618556439876556 0.2222222238779068
vt 0.20618556439876556 0.27777779102325439
vt 0.20618556439876556 0.3333333432674408
vt 0.20618556439876556 0.3888888955116272
vt 0.20618556439876556 0.4444444477558136
vt 0.20618556439876556 0.5
vt 0.20618556439876556 0.55555558204650879
vt 0.20618556439876556 0.6111111044883728
vt 0.20618556439876556 0.66666668653488159
vt 0.20618556439876556 0.72222220897674561
vt 0.20618556439876556 0.77777779102325439
vt 0.20618556439876556 0.83333331346511841
vt 0.20618556439876556 0.8888888955116272
vt 0.20618556439876556 0.94444441795349121
vt 0.20618556439876556 1
vt 0.2164948433637619 0
vt 0.2164948433637619 0.0555555559694767
vt 0.2164948433637619 0.1111111119389534
vt 0.2164948433637619 0.1666666716337204
vt 0.2164948433637619 0.2222222238779068
vt 0.2164948433637619 0.27777779102325439
vt 0.2164948433637619 0.3333333432674408
vt 0.2164948433637619 0.3888888955116272
vt 0.2164948433637619 0.4444444477558136
vt 0.2164948433637619 0.5
vt 0.2164948433637619 0.55555558204650879
vt 0.2164948433637619 0.6111111044883728
vt 0.2164948433637619 0.66666668653488159
vt 0.2164948433637619 0.72222220897674561
vt 0.2164948433637619 0.77777779102325439
vt 0.2164948433637619 0.83333331346511841
vt 0.2164948433637619 0.8888888955116272
vt 0.2164948433637619 0.94444441795349121
vt 0.2164948433637619 1
vt 0.22680412232875824 0
vt 0.22680412232875824 0.0555555559694767
vt 0.22680412232875824 0.1111111119389534
vt 0.22680412232875824 0.1666666716337204
vt 0.22680412232875824 0.2222222238779068
vt 0.22680412232875824 0.27777779102325439
vt 0.22680412232875824 0.3333333432674408
vt 0.22680412232875824 0.3888888955116272
vt 0.22680412232875824 0.4444444477558136
vt 0.22680412232875824 0.5
vt 0.22680412232875824 0.55555558204650879
vt 0.22680412232875824 0.6111111044883728
vt 0.22680412232875824 0.66666668653488159
vt 0.22680412232875824 0.72222220897674561
vt 0.22680412232875824 0.77777779102325439
vt 0.22680412232875824 0.83333331346511841
vt 0.22680412232875824 0.8888888955116272
vt 0.22680412232875824 0.94444441795349121
vt 0.22680412232875824 1
vt 0.23711340129375458 0
vt 0.23711340129375458 0.0555555559694767
vt 0.23711340129375458 0.1111111119389534
vt 0.23711340129375458 0.1666666716337204
vt 0.23711340129375458 0.2222222238779068
vt 0.23711340129375458 0.27777779102325439
vt 0.23711340129375458 0.3333333432674408
vt 0.23711340129375458 0.3888888955116272
vt 0.23711340129375458 0.4444444477558136
vt 0.23711340129375458 0.5
vt 0.23711340129375458 0.55555558204650879
vt 0.23711340129375458 0.6111111044883728
vt 0.23711340129375458 0.66666668653488159
vt 0.23711340129375458 0.72222220897674561
vt 0.23711340129375458 0.77777779102325439
vt 0.23711340129375458 0.83333331346511841
vt 0.23711340129375458 0.8888888955116272
vt 0.23711340129375458 0.94444441795349121
vt 0.23711340129375458 1
vt 0.24742268025875092 0
vt 0.24742268025875092 0.0555555559694767
vt 0.24742268025875092 0.1111111119389534
vt 0.24742268025875092 0.1666666716337204
vt 0.24742268025875092 0.2222222238779068
vt 0.24742268025875092 0.27777779102325439
vt 0.24742268025875092 0.3333333432674408
vt 0.24742268025875092 0.3888888955116272
vt 0.24742268025875092 0.4444444477558136
vt 0.24742268025875092 0.5
vt 0.24742268025875092 0.55555558204650879
vt 0.24742268025875092 0.6111111044883728
vt 0.24742268025875092 0.66666668653488159
vt 0.24742268025875092 0.72222220897674561
vt 0.24742268025875092 0.77777779102325439
vt 0.24742268025875092 0.83333331346511841
vt 0.24742268025875092 0.8888888955116272
vt 0.24742268025875092 0.94444441795349121
vt 0.24742268025875092 1
vt 0.25773194432258606 0
vt 0.25773194432258606 0.0555555559694767
vt 0.25773194432258606 0.1111111119389534
vt 0.25773194432258606 0.1666666716337204
vt 0.25773194432258606 0.2222222238779068
vt 0.25773194432258606 0.27777779102325439
vt 0.25773194432258606 0.3333333432674408
vt 0.25773194432258606 0.3888888955116272
vt 0.25773194432258606 0.4444444477558136
vt 0.25773194432258606 0.5
vt 0.25773194432258606 0.55555558204650879
vt 0.25773194432258606 0.6111111044883728
vt 0.25773194432258606 0.66666668653488159
vt 0.25773194432258606 0.72222220897674561
vt 0.25773194432258606 0.77777779102325439
vt 0.25773194432258606 0.83333331346511841
vt 0.25773194432258606 0.8888888955116272
vt 0.25773194432258606 0.94444441795349121
vt 0.25773194432258606 1
vt 0.2680412232875824 0
vt 0.2680412232875824 0.0555555559694767
vt 0.2680412232875824 0.1111111119389534
vt 0.2680412232875824 0.1666666716337204
vt 0.2680412232875824 0.2222222238779068
vt 0.2680412232875824 0.27777779102325439
vt 0.2680412232875824 0.3333333432674408
vt 0.2680412232875824 0.3888888955116272
vt 0.2680412232875824 0.4444444477558136
vt 0.2680412232875824 0.5
vt 0.2680412232875824 0.55555558204650879
vt 0.2680412232875824 0.6111111044883728
vt 0.2680412232875824 0.66666668653488159
vt 0.2680412232875824 0.72222220897674561
vt 0.2680412232875824 0.77777779102325439
vt 0.2680412232875824 0.83333331346511841
vt 0.2680412232875824 0.8888888955116272
vt 0.2680412232875824 0.94444441795349121
vt 0.2680412232875824 1
vt 0.27835050225257874 0
vt 0.27835050225257874 0.0555555559694767
vt 0.27835050225257874 0.1111111119389534
vt 0.27835050225257874 0.1666666716337204
vt 0.27835050225257874 0.2222222238779068
vt 0.27835050225257874 0.27777779102325439
vt 0.27835050225257874 0.3333333432674408
vt 0.27835050225257874 0.3888888955116272
vt 0.27835050225257874 0.4444444477558136
vt 0.27835050225257874 0.5
vt 0.27835050225257874 0.55555558204650879
vt 0.27835050225257874 0.6111111044883728
vt 0.27835050225257874 0.66666668653488159
vt 0.27835050225257874 0.72222220897674561
vt 0.27835050225257874 0.77777779102325439
vt 0.27835050225257874 0.83333331346511841
vt 0.27835050225257874 0.8888888955116272
vt 0.27835050225257874 0.94444441795349121
vt 0.27835050225257874 1
vt 0.28865978121757507 0
vt 0.28865978121757507 0.0555555559694767
vt 0.28865978121757507 0.1111111119389534
vt 0.28865978121757507 0.1666666716337204
vt 0.28865978121757507 0.2222222238779068
vt 0.28865978121757507 0.27777779102325439
vt 0.28865978121757507 0.3333333432674408
vt 0.28865978121757507 0.3888888955116272
vt 0.28865978121757507 0.4444444477558136
vt 0.28865978121757507 0.5
vt 0.28865978121757507 0.55555558204650879
vt 0.28865978121757507 0.6111111044883728
vt 0.28865978121757507 0.66666668653488159
vt 0.28865978121757507 0.72222220897674561
vt 0.28865978121757507 0.77777779102325439
vt 0.28865978121757507 0.83333331346511841
vt 0.28865978121757507 0.8888888955116272
vt 0.28865978121757507 0.94444441795349121
vt 0.28865978121757507 1
vt 0.29896906018257141 0
vt 0.29896906018257141 0.0555555559694767
vt 0.29896906018257141 0.1111111119389534
vt 0.29896906018257141 0.1666666716337204
vt 0.29896906018257141 0.2222222238779068
vt 0.29896906018257141 0.27777779102325439
vt 0.29896906018257141 0.3333333432674408
vt 0.29896906018257141 0.3888888955116272
vt 0.29896906018257141 0.4444444477558136
vt 0.29896906018257141 0.5
vt 0.29896906018257141 0.55555558204650879
vt 0.29896906018257141 0.6111111044883728
vt 0.29896906018257141 0.66666668653488159
vt 0.29896906018257141 0.72222220897674561
vt 0.29896906018257141 0.77777779102325439
vt 0.29896906018257141 0.83333331346511841
vt 0.29896906018257141 0.8888888955116272
vt 0.29896906018257141 0.94444441795349121
vt 0.29896906018257141 1
vt 0.30927833914756775 0
vt 0.30927833914756775 0.0555555559694767
vt 0.30927833914756775 0.1111111119389534
vt 0.30927833914756775 0.1666666716337204
vt 0.30927833914756775 0.2222222238779068
vt 0.30927833914756775 0.27777779102325439
vt 0.30927833914756775 0.3333333432674408
vt 0.30927833914756775 0.3888888955116272
vt 0.30927833914756775 0.4444444477558136
vt 0.30927833914756775 0.5
vt 0.30927833914756775 0.55555558204650879
vt 0.30927833914756775 0.6111111044883728
vt 0.30927833914756775 0.66666668653488159
vt 0.30927833914756775 0.72222220897674561
vt 0.30927833914756775 0.77777779102325439
vt 0.30927833914756775 0.83333331346511841
vt 0.30927833914756775 0.8888888955116272
vt 0.30927833914756775 0.94444441795349121
vt 0.30927833914756775 1
vt 0.31958761811256409 0
vt 0.31958761811256409 0.0555555559694767
vt 0.31958761811256409 0.1111111119389534
vt 0.31958761811256409 0.1666666716337204
vt 0.31958761811256409 0.2222222238779068
vt 0.31958761811256409 0.27777779102325439
vt 0.31958761811256409 0.3333333432674408
vt 0.31958761811256409 0.3888888955116272
vt 0.31958761811256409 0.4444444477558136
vt 0.31958761811256409 0.5
vt 0.31958761811256409 0.55555558204650879
vt 0.31958761811256409 0.6111111044883728
vt 0.31958761811256409 0.66666668653488159
vt 0.31958761811256409 0.72222220897674561
vt 0.31958761811256409 0.77777779102325439
vt 0.31958761811256409 0.83333331346511841
vt 0.31958761811256409 0.8888888955116272
vt 0.31958761811256409 0.94444441795349121
vt 0.31958761811256409 1
vt 0.32989689707756042 0
vt 0.32989689707756042 0.0555555559694767
vt 0.32989689707756042 0.1111111119389534
vt 0.32989689707756042 0.1666666716337204
vt 0.32989689707756042 0.2222222238779068
vt 0.32989689707756042 0.27777779102325439
vt 0.32989689707756042 0.3333333432674408
vt 0.32989689707756042 0.3888888955116272
vt 0.32989689707756042 0.4444444477558136
vt 0.32989689707756042 0.5
vt 0.32989689707756042 0.55555558204650879
vt 0.32989689707756042 0.6111111044883728
vt 0.32989689707756042 0.66666668653488159
vt 0.32989689707756042 0.72222220897674561
vt 0.32989689707756042 0.77777779102325439
vt 0.32989689707756042 0.83333331346511841
vt 0.32989689707756042 0.8888888955116272
vt 0.32989689707756042 0.94444441795349121
vt 0.32989689707756042 1
vt 0.34020617604255676 0
vt 0.34020617604255676 0.0555555559694767
vt 0.34020617604255676 0.1111111119389534
vt 0.34020617604255676 0.1666666716337204
vt 0.34020617604255676 0.2222222238779068
vt 0.34020617604255676 0.27777779102325439
vt 0.34020617604255676 0.3333333432674408
vt 0.34020617604255676 0.3888888955116272
vt 0.34020617604255676 0.4444444477558136
vt 0.34020617604255676 0.5
vt 0.34020617604255676 0.55555558204650879
vt 0.34020617604255676 0.6111111044883728
vt 0.34020617604255676 0.66666668653488159
vt 0.34020617604255676 0.72222220897674561
vt 0.34020617604255676 0.77777779102325439
vt 0.34020617604255676 0.83333331346511841
vt 0.34020617604255676 0.8888888955116272
vt 0.34020617604255676 0.94444441795349121
vt 0.34020617604255676 1
vt 0.3505154550075531 0
vt 0.3505154550075531 0.0555555559694767
vt 0.3505154550075531 0.1111111119389534
vt 0.3505154550075531 0.1666666716337204
vt 0.3505154550075531 0.2222222238779068
vt 0.3505154550075531 0.27777779102325439
vt 0.3505154550075531 0.3333333432674408
vt 0.3505154550075531 0.3888888955116272
vt 0.3505154550075531 0.4444444477558136
vt 0.3505154550075531 0.5
vt 0.3505154550075531 0.55555558204650879
vt 0.3505154550075531 0.6111111044883728
vt 0.3505154550075531 0.66666668653488159
vt 0.3505154550075531 0.72222220897674561
vt 0.3505154550075531 0.77777779102325439
vt 0.3505154550075531 0.83333331346511841
vt 0.3505154550075531 0.8888888955116272
vt 0.3505154550075531 0.94444441795349121
vt 0.3505154550075531 1
vt 0.36082473397254944 0
vt 0.36082473397254944 0.0555555559694767
vt 0.36082473397254944 0.1111111119389534
vt 0.36082473397254944 0.1666666716337204
vt 0.36082473397254944 0.2222222238779068
vt 0.36082473397254944 0.27777779102325439
vt 0.36082473397254944 0.3333333432674408
vt 0.36082473397254944 0.3888888955116272
vt 0.36082473397254944 0.4444444477558136
vt 0.36082473397254944 0.5
vt 0.36082473397254944 0.55555558204650879
vt 0.36082473397254944 0.6111111044883728
vt 0.36082473397254944 0.66666668653488159
vt 0.36082473397254944 0.72222220897674561
vt 0.36082473397254944 0.77777779102325439
vt 0.36082473397254944 0.83333331346511841
vt 0.36082473397254944 0.8888888955116272
vt 0.36082473397254944 0.94444441795349121
vt 0.36082473397254944 1
vt 0.37113401293754578 0
vt 0.37113401293754578 0.0555555559694767
vt 0.37113401293754578 0.1111111119389534
vt 0.37113401293754578 0.1666666716337204
vt 0.37113401293754578 0.2222222238779068
vt 0.37113401293754578 0.27777779102325439
vt 0.37113401293754578 0.3333333432674408
vt 0.37113401293754578 0.3888888955116272
vt 0.37113401293754578 0.4444444477558136
vt 0.37113401293754578 0.5
vt 0.37113401293754578 0.55555558204650879
vt 0.37113401293754578 0.6111111044883728
vt 0.37113401293754578 0.66666668653488159
vt 0.37113401293754578 0.72222220897674561
vt 0.37113401293754578 0.77777779102325439
vt 0.37113401293754578 0.83333331346511841
vt 0.37113401293754578 0.8888888955116272
vt 0.37113401293754578 0.94444441795349121
vt 0.37113401293754578 1
vt 0.38144329190254211 0
vt 0.38144329190254211 0.0555555559694767
vt 0.38144329190254211 0.1111111119389534
vt 0.38144329190254211 0.1666666716337204
vt 0.38144329190254211 0.2222222238779068
vt 0.38144329190254211 0.27777779102325439
vt 0.38144329190254211 0.3333333432674408
vt 0.38144329190254211 0.3888888955116272
vt 0.38144329190254211 0.4444444477558136
vt 0.38144329190254211 0.5
vt 0.38144329190254211 0.55555558204650879
vt 0.38144329190254211 0.6111111044883728
vt 0.38144329190254211 0.66666668653488159
vt 0.38144329190254211 0.72222220897674561
vt 0.38144329190254211 0.77777779102325439
vt 0.38144329190254211 0.83333331346511841
vt 0.38144329190254211 0.8888888955116272
vt 0.38144329190254211 0.94444441795349121
vt 0.38144329190254211 1
vt 0.39175257086753845 0
vt 0.39175257086753845 0.0555555559694767
vt 0.39175257086753845 0.1111111119389534
vt 0.39175257086753845 0.1666666716337204
vt 0.39175257086753845 0.2222222238779068
vt 0.39175257086753845 0.27777779102325439
vt 0.39175257086753845 0.3333333432674408
vt 0.39175257086753845 0.3888888955116272
vt 0.39175257086753845 0.4444444477558136
vt 0.39175257086753845 0.5
vt 0.39175257086753845 0.55555558204650879
vt 0.39175257086753845 0.6111111044883728
vt 0.39175257086753845 0.66666668653488159
vt 0.39175257086753845 0.72222220897674561
vt 0.39175257086753845 0.77777779102325439
vt 0.39175257086753845 0.83333331346511841
vt 0.39175257086753845 0.8888888955116272
vt 0.39175257086753845 0.94444441795349121
vt 0.39175257086753845 1
vt 0.40206184983253479 0
vt 0.40206184983253479 0.0555555559694767
vt 0.40206184983253479 0.1111111119389534
vt 0.40206184983253479 0.1666666716337204
vt 0.40206184983253479 0.2222222238779068
vt 0.40206184983253479 0.27777779102325439
vt 0.40206184983253479 0.3333333432674408
vt 0.40206184983253479 0.3888888955116272
vt 0.40206184983253479 0.4444444477558136
vt 0.40206184983253479 0.5
vt 0.40206184983253479 0.55555558204650879
vt 0.40206184983253479 0.6111111044883728
vt 0.40206184983253479 0.66666668653488159
vt 0.40206184983253479 0.72222220897674561
vt 0.40206184983253479 0.77777779102325439
vt 0.40206184983253479 0.83333331346511841
vt 0.40206184983253479 0.8888888955116272
vt 0.40206184983253479 0.94444441795349121
vt 0.40206184983253479 1
vt 0.41237112879753113 0
vt 0.41237112879753113 0.0555555559694767
vt 0.41237112879753113 0.1111111119389534
vt 0.41237112879753113 0.1666666716337204
vt 0.41237112879753113 0.2222222238779068
vt 0.41237112879753113 0.27777779102325439
vt 0.41237112879753113 0.3333333432674408
vt 0.41237112879753113 0.3888888955116272
vt 0.41237112879753113 0.4444444477558136
vt 0.41237112879753113 0.5
vt 0.41237112879753113 0.55555558204650879
vt 0.41237112879753113 0.6111111044883728
vt 0.41237112879753113 0.66666668653488159
vt 0.41237112879753113 0.72222220897674561
vt 0.41237112879753113 0.77777779102325439
vt 0.41237112879753113 0.83333331346511841
vt 0.41237112879753113 0.8888888955116272
vt 0.41237112879753113 0.94444441795349121
vt 0.41237112879753113 1
vt 0.42268040776252747 0
vt 0.42268040776252747 0.0555555559694767
vt 0.42268040776252747 0.1111111119389534
vt 0.42268040776252747 0.1666666716337204
vt 0.42268040776252747 0.2222222238779068
vt 0.42268040776252747 0.27777779102325439
vt 0.42268040776252747 0.3333333432674408
vt 0.42268040776252747 0.3888888955116272
vt 0.42268040776252747 0.4444444477558136
vt 0.42268040776252747 0.5
vt 0.42268040776252747 0.55555558204650879
vt 0.42268040776252747 0.6111111044883728
vt 0.42268040776252747 0.66666668653488159
vt 0.42268040776252747 0.72222220897674561
vt 0.42268040776252747 0.77777779102325439
vt 0.42268040776252747 0.83333331346511841
vt 0.42268040776252747 0.8888888955116272
vt 0.42268040776252747 0.94444441795349121
vt 0.42268040776252747 1
vt 0.4329896867275238 0
vt 0.4329896867275238 0.0555555559694767
vt 0.4329896867275238 0.1111111119389534
vt 0.4329896867275238 0.1666666716337204
vt 0.4329896867275238 0.2222222238779068
vt 0.4329896867275238 0.27777779102325439
vt 0.4329896867275238 0.3333333432674408
vt 0.4329896867275238 0.3888888955116272
vt 0.4329896867275238 0.4444444477558136
vt 0.4329896867275238 0.5
vt 0.4329896867275238 0.55555558204650879
vt 0.4329896867275238 0.6111111044883728
vt 0.4329896867275238 0.66666668653488159
vt 0.4329896867275238 0.72222220897674561
vt 0.4329896867275238 0.77777779102325439
vt 0.4329896867275238 0.83333331346511841
vt 0.4329896867275238 0.8888888955116272
vt 0.4329896867275238 0.94444441795349121
vt 0.4329896867275238 1
vt 0.44329896569252014 0
vt 0.44329896569252014 0.0555555559694767
vt 0.44329896569252014 0.1111111119389534
vt 0.44329896569252014 0.1666666716337204
vt 0.44329896569252014 0.2222222238779068
vt 0.44329896569252014 0.27777779102325439
vt 0.44329896569252014 0.3333333432674408
vt 0.44329896569252014 0.3888888955116272
vt 0.44329896569252014 0.4444444477558136
vt 0.44329896569252014 0.5
vt 0.44329896569252014 0.55555558204650879
vt 0.44329896569252014 0.6111111044883728
vt 0.44329896569252014 0.66666668653488159
vt 0.44329896569252014 0.72222220897674561
vt 0.44329896569252014 0.77777779102325439
vt 0.44329896569252014 0.83333331346511841
vt 0.44329896569252014 0.8888888955116272
vt 0.44329896569252014 0.94444441795349121
vt 0.44329896569252014 1
vt 0.45360824465751648 0
vt 0.45360824465751648 0.0555555559694767
vt 0.45360824465751648 0.1111111119389534
vt 0.45360824465751648 0.1666666716337204
vt 0.45360824465751648 0.2222222238779068
vt 0.45360824465751648 0.27777779102325439
vt 0.45360824465751648 0.3333333432674408
vt 0.45360824465751648 0.3888888955116272
vt 0.45360824465751648 0.4444444477558136
vt 0.45360824465751648 0.5
vt 0.45360824465751648 0.55555558204650879
vt 0.45360824465751648 0.6111111044883728
vt 0.45360824465751648 0.66666668653488159
vt 0.45360824465751648 0.72222220897674561
vt 0.45360824465751648 0.77777779102325439
vt 0.45360824465751648 0.83333331346511841
vt 0.45360824465751648 0.8888888955116272
vt 0.45360824465751648 0.94444441795349121
vt 0.45360824465751648 1
vt 0.46391752362251282 0
vt 0.46391752362251282 0.0555555559694767
vt 0.46391752362251282 0.1111111119389534
vt 0.46391752362251282 0.1666666716337204
vt 0.46391752362251282 0.2222222238779068
vt 0.46391752362251282 0.27777779102325439
vt 0.46391752362251282 0.3333333432674408
vt 0.46391752362251282 0.3888888955116272
vt 0.46391752362251282 0.4444444477558136
vt 0.46391752362251282 0.5
vt 0.46391752362251282 0.55555558204650879
vt 0.46391752362251282 0.6111111044883728
vt 0.46391752362251282 0.66666668653488159
vt 0.46391752362251282 0.72222220897674561
vt 0.46391752362251282 0.77777779102325439
vt 0.46391752362251282 0.83333331346511841
vt 0.46391752362251282 0.8888888955116272
vt 0.46391752362251282 0.94444441795349121
vt 0.46391752362251282 1
vt 0.47422680258750916 0
vt 0.47422680258750916 0.0555555559694767
vt 0.47422680258750916 0.1111111119389534
vt 0.47422680258750916 0.1666666716337204
vt 0.47422680258750916 0.2222222238779068
vt 0.47422680258750916 0.27777779102325439
vt 0.47422680258750916 0.3333333432674408
vt 0.47422680258750916 0.3888888955116272
vt 0.47422680258750916 0.4444444477558136
vt 0.47422680258750916 0.5
vt 0.47422680258750916 0.55555558204650879
vt 0.47422680258750916 0.6111111044883728
vt 0.47422680258750916 0.66666668653488159
vt 0.47422680258750916 0.72222220897674561
vt 0.47422680258750916 0.77777779102325439
vt 0.47422680258750916 0.83333331346511841
vt 0.47422680258750916 0.8888888955116272
vt 0.47422680258750916 0.94444441795349121
vt 0.47422680258750916 1
vt 0.48453608155250549 0
vt 0.48453608155250549 0.0555555559694767
vt 0.48453608155250549 0.1111111119389534
vt 0.48453608155250549 0.1666666716337204
vt 0.48453608155250549 0.2222222238779068
vt 0.48453608155250549 0.27777779102325439
vt 0.48453608155250549 0.3333333432674408
vt 0.48453608155250549 0.3888888955116272
vt 0.48453608155250549 0.4444444477558136
vt 0.48453608155250549 0.5
vt 0.48453608155250549 0.55555558204650879
vt 0.48453608155250549 0.6111111044883728
vt 0.48453608155250549 0.66666668653488159
vt 0.48453608155250549 0.72222220897674561
vt 0.48453608155250549 0.77777779102325439
vt 0.48453608155250549 0.83333331346511841
vt 0.48453608155250549 0.8888888955116272
vt 0.48453608155250549 0.94444441795349121
vt 0.48453608155250549 1
vt 0.49484536051750183 0
vt 0.49484536051750183 0.0555555559694767
vt 0.49484536051750183 0.1111111119389534
vt 0.49484536051750183 0.1666666716337204
vt 0.49484536051750183 0.2222222238779068
vt 0.49484536051750183 0.27777779102325439
vt 0.49484536051750183 0.3333333432674408
vt 0.49484536051750183 0.3888888955116272
vt 0.49484536051750183 0.4444444477558136
vt 0.49484536051750183 0.5
vt 0.49484536051750183 0.55555558204650879
vt 0.49484536051750183 0.6111111044883728
vt 0.49484536051750183 0.66666668653488159
vt 0.49484536051750183 0.72222220897674561
vt 0.49484536051750183 0.77777779102325439
vt 0.49484536051750183 0.83333331346511841
vt 0.49484536051750183 0.8888888955116272
vt 0.49484536051750183 0.94444441795349121
vt 0.49484536051750183 1
vt 0.50515460968017578 0
vt 0.50515460968017578 0.0555555559694767
vt 0.50515460968017578 0.1111111119389534
vt 0.50515460968017578 0.1666666716337204
vt 0.50515460968017578 0.2222222238779068
vt 0.50515460968017578 0.27777779102325439
vt 0.50515460968017578 0.3333333432674408
vt 0.50515460968017578 0.3888888955116272
vt 0.50515460968017578 0.4444444477558136
vt 0.50515460968017578 0.5
vt 0.50515460968017578 0.55555558204650879
vt 0.50515460968017578 0.6111111044883728
vt 0.50515460968017578 0.66666668653488159
vt 0.50515460968017578 0.72222220897674561
vt 0.50515460968017578 0.77777779102325439
vt 0.50515460968017578 0.83333331346511841
vt 0.50515460968017578 0.8888888955116272
vt 0.50515460968017578 0.94444441795349121
vt 0.50515460968017578 1
vt 0.51546388864517212 0
vt 0.51546388864517212 0.0555555559694767
vt 0.51546388864517212 0.1111111119389534
vt 0.51546388864517212 0.1666666716337204
vt 0.51546388864517212 0.2222222238779068
vt 0.51546388864517212 0.27777779102325439
vt 0.51546388864517212 0.3333333432674408
vt 0.51546388864517212 0.3888888955116272
vt 0.51546388864517212 0.4444444477558136
vt 0.51546388864517212 0.5
vt 0.51546388864517212 0.55555558204650879
vt 0.51546388864517212 0.6111111044883728
vt 0.51546388864517212 0.66666668653488159
vt 0.51546388864517212 0.72222220897674561
vt 0.51546388864517212 0.77777779102325439
vt 0.51546388864517212 0.83333331346511841
vt 0.51546388864517212 0.8888888955116272
vt 0.51546388864517212 0.94444441795349121
vt 0.51546388864517212 1
vt 0.52577316761016846 0
vt 0.52577316761016846 0.0555555559694767
vt 0.52577316761016846 0.1111111119389534
vt 0.52577316761016846 0.1666666716337204
vt 0.52577316761016846 0.2222222238779068
vt 0.52577316761016846 0.27777779102325439
vt 0.52577316761016846 0.3333333432674408
vt 0.52577316761016846 0.3888888955116272
vt 0.52577316761016846 0.4444444477558136
vt 0.52577316761016846 0.5
vt 0.52577316761016846 0.55555558204650879
vt 0.52577316761016846 0.6111111044883728
vt 0.52577316761016846 0.66666668653488159
vt 0.52577316761016846 0.72222220897674561
vt 0.52577316761016846 0.77777779102325439
vt 0.52577316761016846 0.83333331346511841
vt 0.52577316761016846 0.8888888955116272
vt 0.52577316761016846 0.94444441795349121
vt 0.52577316761016846 1
vt 0.53608244657516479 0
vt 0.53608244657516479 0.0555555559694767
vt 0.53608244657516479 0.1111111119389534
vt 0.53608244657516479 0.1666666716337204
vt 0.53608244657516479 0.2222222238779068
vt 0.53608244657516479 0.27777779102325439
vt 0.53608244657516479 0.3333333432674408
vt 0.53608244657516479 0.3888888955116272
vt 0.53608244657516479 0.4444444477558136
vt 0.53608244657516479 0.5
vt 0.53608244657516479 0.55555558204650879
vt 0.53608244657516479 0.6111111044883728
vt 0.53608244657516479 0.66666668653488159
vt 0.53608244657516479 0.72222220897674561
vt 0.53608244657516479 0.77777779102325439
vt 0.53608244657516479 0.83333331346511841
vt 0.53608244657516479 0.8888888955116272
vt 0.53608244657516479 0.94444441795349121
vt 0.53608244657516479 1
vt 0.54639172554016113 0
vt 0.54639172554016113 0.0555555559694767
vt 0.54639172554016113 0.1111111119389534
vt 0.54639172554016113 0.1666666716337204
vt 0.54639172554016113 0.2222222238779068
vt 0.54639172554016113 0.27777779102325439
vt 0.54639172554016113 0.3333333432674408
vt 0.54639172554016113 0.3888888955116272
vt 0.54639172554016113 0.4444444477558136
vt 0.54639172554016113 0.5
vt 0.54639172554016113 0.55555558204650879
vt 0.54639172554016113 0.6111111044883728
vt 0.54639172554016113 0.66666668653488159
vt 0.54639172554016113 0.72222220897674561
vt 0.54639172554016113 0.77777779102325439
vt 0.54639172554016113 0.83333331346511841
vt 0.54639172554016113 0.8888888955116272
vt 0.54639172554016113 0.94444441795349121
vt 0.54639172554016113 1
vt 0.55670100450515747 0
vt 0.55670100450515747 0.0555555559694767
vt 0.55670100450515747 0.1111111119389534
vt 0.55670100450515747 0.1666666716337204
vt 0.55670100450515747 0.2222222238779068
vt 0.55670100450515747 0.27777779102325439
vt 0.55670100450515747 0.3333333432674408
vt 0.55670100450515747 0.3888888955116272
vt 0.55670100450515747 0.4444444477558136
vt 0.55670100450515747 0.5
vt 0.55670100450515747 0.55555558204650879
vt 0.55670100450515747 0.6111111044883728
vt 0.55670100450515747 0.66666668653488159
vt 0.55670100450515747 0.72222220897674561
vt 0.55670100450515747 0.77777779102325439
vt 0.55670100450515747 0.83333331346511841
vt 0.55670100450515747 0.8888888955116272
vt 0.55670100450515747 0.94444441795349121
vt 0.55670100450515747 1
vt 0.56701028347015381 0
vt 0.56701028347015381 0.0555555559694767
vt 0.56701028347015381 0.1111111119389534
vt 0.56701028347015381 0.1666666716337204
vt 0.56701028347015381 0.2222222238779068
vt 0.56701028347015381 0.27777779102325439
vt 0.56701028347015381 0.3333333432674408
vt 0.56701028347015381 0.3888888955116272
vt 0.56701028347015381 0.4444444477558136
vt 0.56701028347015381 0.5
vt 0.56701028347015381 0.55555558204650879
vt 0.56701028347015381 0.6111111044883728
vt 0.56701028347015381 0.66666668653488159
vt 0.56701028347015381 0.72222220897674561
vt 0.56701028347015381 0.77777779102325439
vt 0.56701028347015381 0.83333331346511841
vt 0.56701028347015381 0.8888888955116272
vt 0.56701028347015381 0.94444441795349121
vt 0.56701028347015381 1
vt 0.57731956243515015 0
vt 0.57731956243515015 0.0555555559694767
vt 0.57731956243515015 0.1111111119389534
vt 0.57731956243515015 0.1666666716337204
vt 0.57731956243515015 0.2222222238779068
vt 0.57731956243515015 0.27777779102325439
vt 0.57731956243515015 0.3333333432674408
vt 0.57731956243515015 0.3888888955116272
vt 0.57731956243515015 0.4444444477558136
vt 0.57731956243515015 0.5
vt 0.57731956243515015 0.55555558204650879
vt 0.57731956243515015 0.6111111044883728
vt 0.57731956243515015 0.66666668653488159
vt 0.57731956243515015 0.72222220897674561
vt 0.57731956243515015 0.77777779102325439
vt 0.57731956243515015 0.83333331346511841
vt 0.57731956243515015 0.8888888955116272
vt 0.57731956243515015 0.94444441795349121
vt 0.57731956243515015 1
vt 0.58762884140014648 0
vt 0.58762884140014648 0.0555555559694767
vt 0.58762884140014648 0.1111111119389534
vt 0.58762884140014648 0.1666666716337204
vt 0.58762884140014648 0.2222222238779068
vt 0.58762884140014648 0.27777779102325439
vt 0.58762884140014648 0.3333333432674408
vt 0.58762884140014648 0.3888888955116272
vt 0.58762884140014648 0.4444444477558136
vt 0.58762884140014648 0.5
vt 0.58762884140014648 0.55555558204650879
vt 0.58762884140014648 0.6111111044883728
vt 0.58762884140014648 0.66666668653488159
vt 0.58762884140014648 0.72222220897674561
vt 0.58762884140014648 0.77777779102325439
vt 0.58762884140014648 0.83333331346511841
vt 0.58762884140014648 0.8888888955116272
vt 0.58762884140014648 0.94444441795349121
vt 0.58762884140014648 1
vt 0.59793812036514282 0
vt 0.59793812036514282 0.0555555559694767
vt 0.59793812036514282 0.1111111119389534
vt 0.59793812036514282 0.1666666716337204
vt 0.59793812036514282 0.2222222238779068
vt 0.59793812036514282 0.27777779102325439
vt 0.59793812036514282 0.3333333432674408
vt 0.59793812036514282 0.3888888955116272
vt 0.59793812036514282 0.4444444477558136
vt 0.59793812036514282 0.5
vt 0.59793812036514282 0.55555558204650879
vt 0.59793812036514282 0.6111111044883728
vt 0.59793812036514282 0.66666668653488159
vt 0.59793812036514282 0.72222220897674561
vt 0.59793812036514282 0.77777779102325439
vt 0.59793812036514282 0.83333331346511841
vt 0.59793812036514282 0.8888888955116272
vt 0.59793812036514282 0.94444441795349121
vt 0.59793812036514282 1
vt 0.60824739933013916 0
vt 0.60824739933013916 0.0555555559694767
vt 0.60824739933013916 0.1111111119389534
vt 0.60824739933013916 0.1666666716337204
vt 0.60824739933013916 0.2222222238779068
vt 0.60824739933013916 0.27777779102325439
vt 0.60824739933013916 0.3333333432674408
vt 0.60824739933013916 0.3888888955116272
vt 0.60824739933013916 0.4444444477558136
vt 0.60824739933013916 0.5
vt 0.60824739933013916 0.55555558204650879
vt 0.60824739933013916 0.6111111044883728
vt 0.60824739933013916 0.66666668653488159
vt 0.60824739933013916 0.72222220897674561
vt 0.60824739933013916 0.77777779102325439
vt 0.60824739933013916 0.83333331346511841
vt 0.60824739933013916 0.8888888955116272
vt 0.60824739933013916 0.94444441795349121
vt 0.60824739933013916 1
vt 0.6185566782951355 0
vt 0.6185566782951355 0.0555555559694767
vt 0.6185566782951355 0.1111111119389534
vt 0.6185566782951355 0.1666666716337204
vt 0.6185566782951355 0.2222222238779068
vt 0.6185566782951355 0.27777779102325439
vt 0.6185566782951355 0.3333333432674408
vt 0.6185566782951355 0.3888888955116272
vt 0.6185566782951355 0.4444444477558136
vt 0.6185566782951355 0.5
vt 0.6185566782951355 0.55555558204650879
vt 0.6185566782951355 0.6111111044883728
vt 0.6185566782951355 0.66666668653488159
vt 0.6185566782951355 0.72222220897674561
vt 0.6185566782951355 0.77777779102325439
vt 0.6185566782951355 0.83333331346511841
vt 0.6185566782951355 0.8888888955116272
vt 0.6185566782951355 0.94444441795349121
vt 0.6185566782951355 1
vt 0.62886595726013184 0
vt 0.62886595726013184 0.0555555559694767
vt 0.62886595726013184 0.1111111119389534
vt 0.62886595726013184 0.1666666716337204
vt 0.62886595726013184 0.2222222238779068
vt 0.62886595726013184 0.27777779102325439
vt 0.62886595726013184 0.3333333432674408
vt 0.62886595726013184 0.3888888955116272
vt 0.62886595726013184 0.4444444477558136
vt 0.62886595726013184 0.5
vt 0.62886595726013184 0.55555558204650879
vt 0.62886595726013184 0.6111111044883728
vt 0.62886595726013184 0.66666668653488159
vt 0.62886595726013184 0.72222220897674561
vt 0.62886595726013184 0.77777779102325439
vt 0.62886595726013184 0.83333331346511841
vt 0.62886595726013184 0.8888888955116272
vt 0.62886595726013184 0.94444441795349121
vt 0.62886595726013184 1
vt 0.63917523622512817 0
vt 0.63917523622512817 0.0555555559694767
vt 0.63917523622512817 0.1111111119389534
vt 0.63917523622512817 0.1666666716337204
vt 0.63917523622512817 0.2222222238779068
vt 0.63917523622512817 0.27777779102325439
vt 0.63917523622512817 0.3333333432674408
vt 0.63917523622512817 0.3888888955116272
vt 0.63917523622512817 0.4444444477558136
vt 0.63917523622512817 0.5
vt 0.63917523622512817 0.55555558204650879
vt 0.63917523622512817 0.6111111044883728
vt 0.63917523622512817 0.66666668653488159
vt 0.63917523622512817 0.72222220897674561
vt 0.63917523622512817 0.77777779102325439
vt 0.63917523622512817 0.83333331346511841
vt 0.63917523622512817 0.8888888955116272
vt 0.63917523622512817 0.94444441795349121
vt 0.63917523622512817 1
vt 0.64948451519012451 0
vt 0.64948451519012451 0.0555555559694767
vt 0.64948451519012451 0.1111111119389534
vt 0.64948451519012451 0.1666666716337204
vt 0.64948451519012451 0.2222222238779068
vt 0.64948451519012451 0.27777779102325439
vt 0.64948451519012451 0.3333333432674408
vt 0.64948451519012451 0.3888888955116272
vt 0.64948451519012451 0.4444444477558136
vt 0.64948451519012451 0.5
vt 0.64948451519012451 0.55555558204650879
vt 0.64948451519012451 0.6111111044883728
vt 0.64948451519012451 0.66666668653488159
vt 0.64948451519012451 0.72222220897674561
vt 0.64948451519012451 0.77777779102325439
vt 0.64948451519012451 0.83333331346511841
vt 0.64948451519012451 0.8888888955116272
vt 0.64948451519012451 0.94444441795349121
vt 0.64948451519012451 1
vt 0.65979379415512085 0
vt 0.65979379415512085 0.0555555559694767
vt 0.65979379415512085 0.1111111119389534
vt 0.65979379415512085 0.1666666716337204
vt 0.65979379415512085 0.2222222238779068
vt 0.65979379415512085 0.27777779102325439
vt 0.65979379415512085 0.3333333432674408
vt 0.65979379415512085 0.3888888955116272
vt 0.65979379415512085 0.4444444477558136
vt 0.65979379415512085 0.5
vt 0.65979379415512085 0.55555558204650879
vt 0.65979379415512085 0.6111111044883728
vt 0.65979379415512085 0.66666668653488159
vt 0.65979379415512085 0.72222220897674561
vt 0.65979379415512085 0.77777779102325439
vt 0.65979379415512085 0.83333331346511841
vt 0.65979379415512085 0.8888888955116272
vt 0.65979379415512085 0.94444441795349121
vt 0.65979379415512085 1
vt 0.67010307312011719 0
vt 0.67010307312011719 0.0555555559694767
vt 0.67010307312011719 0.1111111119389534
vt 0.67010307312011719 0.1666666716337204
vt 0.67010307312011719 0.2222222238779068
vt 0.67010307312011719 0.27777779102325439
vt 0.67010307312011719 0.3333333432674408
vt 0.67010307312011719 0.3888888955116272
vt 0.67010307312011719 0.4444444477558136
vt 0.67010307312011719 0.5
vt 0.67010307312011719 0.55555558204650879
vt 0.67010307312011719 0.6111111044883728
vt 0.67010307312011719 0.66666668653488159
vt 0.67010307312011719 0.72222220897674561
vt 0.67010307312011719 0.77777779102325439
vt 0.67010307312011719 0.83333331346511841
vt 0.67010307312011719 0.8888888955116272
vt 0.67010307312011719 0.94444441795349121
vt 0.67010307312011719 1
vt 0.68041235208511353 0
vt 0.68041235208511353 0.0555555559694767
vt 0.68041235208511353 0.1111111119389534
vt 0.68041235208511353 0.1666666716337204
vt 0.68041235208511353 0.2222222238779068
vt 0.68041235208511353 0.27777779102325439
vt 0.68041235208511353 0.3333333432674408
vt 0.68041235208511353 0.3888888955116272
vt 0.68041235208511353 0.4444444477558136
vt 0.68041235208511353 0.5
vt 0.68041235208511353 0.55555558204650879
vt 0.68041235208511353 0.6111111044883728
vt 0.68041235208511353 0.66666668653488159
vt 0.68041235208511353 0.72222220897674561
vt 0.68041235208511353 0.77777779102325439
vt 0.68041235208511353 0.83333331346511841
vt 0.68041235208511353 0.8888888955116272
vt 0.68041235208511353 0.94444441795349121
vt 0.68041235208511353 1
vt 0.69072163105010986 0
vt 0.69072163105010986 0.0555555559694767
vt 0.69072163105010986 0.1111111119389534
vt 0.69072163105010986 0.1666666716337204
vt 0.69072163105010986 0.2222222238779068
vt 0.69072163105010986 0.27777779102325439
vt 0.69072163105010986 0.3333333432674408
vt 0.69072163105010986 0.3888888955116272
vt 0.69072163105010986 0.4444444477558136
vt 0.69072163105010986 0.5
vt 0.69072163105010986 0.55555558204650879
vt 0.69072163105010986 0.6111111044883728
vt 0.69072163105010986 0.66666668653488159
vt 0.69072163105010986 0.72222220897674561
vt 0.69072163105010986 0.77777779102325439
vt 0.69072163105010986 0.83333331346511841
vt 0.69072163105010986 0.8888888955116272
vt 0.69072163105010986 0.94444441795349121
vt 0.69072163105010986 1
vt 0.7010309100151062 0
vt 0.7010309100151062 0.0555555559694767
vt 0.7010309100151062 0.1111111119389534
vt 0.7010309100151062 0.1666666716337204
vt 0.7010309100151062 0.2222222238779068
vt 0.7010309100151062 0.27777779102325439
vt 0.7010309100151062 0.3333333432674408
vt 0.7010309100151062 0.3888888955116272
vt 0.7010309100151062 0.4444444477558136
vt 0.7010309100151062 0.5
vt 0.7010309100151062 0.55555558204650879
vt 0.7010309100151062 0.6111111044883728
vt 0.7010309100151062 0.66666668653488159
vt 0.7010309100151062 0.72222220897674561
vt 0.7010309100151062 0.77777779102325439
vt 0.7010309100151062 0.83333331346511841
vt 0.7010309100151062 0.8888888955116272
vt 0.7010309100151062 0.94444441795349121
vt 0.7010309100151062 1
vt 0.71134018898010254 0
vt 0.71134018898010254 0.0555555559694767
vt 0.71134018898010254 0.1111111119389534
vt 0.71134018898010254 0.1666666716337204
vt 0.71134018898010254 0.2222222238779068
vt 0.71134018898010254 0.27777779102325439
vt 0.71134018898010254 0.3333333432674408
vt 0.71134018898010254 0.3888888955116272
vt 0.71134018898010254 0.4444444477558136
vt 0.71134018898010254 0.5
vt 0.71134018898010254 0.55555558204650879
vt 0.71134018898010254 0.6111111044883728
vt 0.71134018898010254 0.66666668653488159
vt 0.71134018898010254 0.72222220897674561
vt 0.71134018898010254 0.77777779102325439
vt 0.71134018898010254 0.83333331346511841
vt 0.71134018898010254 0.8888888955116272
vt 0.71134018898010254 0.94444441795349121
vt 0.71134018898010254 1
vt 0.72164946794509888 0
vt 0.72164946794509888 0.0555555559694767
vt 0.72164946794509888 0.1111111119389534
vt 0.72164946794509888 0.1666666716337204
vt 0.72164946794509888 0.2222222238779068
vt 0.72164946794509888 0.27777779102325439
vt 0.72164946794509888 0.3333333432674408
vt 0.72164946794509888 0.3888888955116272
vt 0.72164946794509888 0.4444444477558136
vt 0.72164946794509888 0.5
vt 0.72164946794509888 0.55555558204650879
vt 0.72164946794509888 0.6111111044883728
vt 0.72164946794509888 0.66666668653488159
vt 0.72164946794509888 0.72222220897674561
vt 0.72164946794509888 0.77777779102325439
vt 0.72164946794509888 0.83333331346511841
vt 0.72164946794509888 0.8888888955116272
vt 0.72164946794509888 0.94444441795349121
vt 0.72164946794509888 1
vt 0.73195874691009521 0
vt 0.73195874691009521 0.0555555559694767
vt 0.73195874691009521 0.1111111119389534
vt 0.73195874691009521 0.1666666716337204
vt 0.73195874691009521 0.2222222238779068
vt 0.73195874691009521 0.27777779102325439
vt 0.73195874691009521 0.3333333432674408
vt 0.73195874691009521 0.3888888955116272
vt 0.73195874691009521 0.4444444477558136
vt 0.73195874691009521 0.5
vt 0.73195874691009521 0.55555558204650879
vt 0.73195874691009521 0.6111111044883728
vt 0.73195874691009521 0.66666668653488159
vt 0.73195874691009521 0.72222220897674561
vt 0.73195874691009521 0.77777779102325439
vt 0.73195874691009521 0.83333331346511841
vt 0.73195874691009521 0.8888888955116272
vt 0.73195874691009521 0.94444441795349121
vt 0.73195874691009521 1
vt 0.74226802587509155 0
vt 0.74226802587509155 0.0555555559694767
vt 0.74226802587509155 0.1111111119389534
vt 0.74226802587509155 0.1666666716337204
vt 0.74226802587509155 0.2222222238779068
vt 0.74226802587509155 0.27777779102325439
vt 0.74226802587509155 0.3333333432674408
vt 0.74226802587509155 0.3888888955116272
vt 0.74226802587509155 0.4444444477558136
vt 0.74226802587509155 0.5
vt 0.74226802587509155 0.55555558204650879
vt 0.74226802587509155 0.6111111044883728
vt 0.74226802587509155 0.66666668653488159
vt 0.74226802587509155 0.72222220897674561
vt 0.74226802587509155 0.77777779102325439
vt 0.74226802587509155 0.83333331346511841
vt 0.74226802587509155 0.8888888955116272
vt 0.74226802587509155 0.94444441795349121
vt 0.74226802587509155 1
vt 0.75257730484008789 0
vt 0.75257730484008789 0.0555555559694767
vt 0.75257730484008789 0.1111111119389534
vt 0.75257730484008789 0.1666666716337204
vt 0.75257730484008789 0.2222222238779068
vt 0.75257730484008789 0.27777779102325439
vt 0.75257730484008789 0.3333333432674408
vt 0.75257730484008789 0.3888888955116272
vt 0.75257730484008789 0.4444444477558136
vt 0.75257730484008789 0.5
vt 0.75257730484008789 0.55555558204650879
vt 0.75257730484008789 0.6111111044883728
vt 0.75257730484008789 0.66666668653488159
vt 0.75257730484008789 0.72222220897674561
vt 0.75257730484008789 0.77777779102325439
vt 0.75257730484008789 0.83333331346511841
vt 0.75257730484008789 0.8888888955116272
vt 0.75257730484008789 0.94444441795349121
vt 0.75257730484008789 1
vt 0.76288658380508423 0
vt 0.76288658380508423 0.0555555559694767
vt 0.76288658380508423 0.1111111119389534
vt 0.76288658380508423 0.1666666716337204
vt 0.76288658380508423 0.2222222238779068
vt 0.76288658380508423 0.27777779102325439
vt 0.76288658380508423 0.3333333432674408
vt 0.76288658380508423 0.3888888955116272
vt 0.76288658380508423 0.4444444477558136
vt 0.76288658380508423 0.5
vt 0.76288658380508423 0.55555558204650879
vt 0.76288658380508423 0.6111111044883728
vt 0.76288658380508423 0.66666668653488159
vt 0.76288658380508423 0.72222220897674561
vt 0.76288658380508423 0.77777779102325439
vt 0.76288658380508423 0.83333331346511841
vt 0.76288658380508423 0.8888888955116272
vt 0.76288658380508423 0.94444441795349121
vt 0.76288658380508423 1
vt 0.77319586277008057 0
vt 0.77319586277008057 0.0555555559694767
vt 0.77319586277008057 0.1111111119389534
vt 0.77319586277008057 0.1666666716337204
vt 0.77319586277008057 0.2222222238779068
vt 0.77319586277008057 0.27777779102325439
vt 0.77319586277008057 0.3333333432674408
vt 0.77319586277008057 0.3888888955116272
vt 0.77319586277008057 0.4444444477558136
vt 0.77319586277008057 0.5
vt 0.77319586277008057 0.55555558204650879
vt 0.77319586277008057 0.6111111044883728
vt 0.77319586277008057 0.66666668653488159
vt 0.77319586277008057 0.72222220897674561
vt 0.77319586277008057 0.77777779102325439
vt 0.77319586277008057 0.83333331346511841
vt 0.77319586277008057 0.8888888955116272
vt 0.77319586277008057 0.94444441795349121
vt 0.77319586277008057 1
vt 0.7835051417350769 0
vt 0.7835051417350769 0.0555555559694767
vt 0.7835051417350769 0.1111111119389534
vt 0.7835051417350769 0.1666666716337204
vt 0.7835051417350769 0.2222222238779068
vt 0.7835051417350769 0.27777779102325439
vt 0.7835051417350769 0.3333333432674408
vt 0.7835051417350769 0.3888888955116272
vt 0.7835051417350769 0.4444444477558136
vt 0.7835051417350769 0.5
vt 0.7835051417350769 0.55555558204650879
vt 0.7835051417350769 0.6111111044883728
vt 0.7835051417350769 0.66666668653488159
vt 0.7835051417350769 0.72222220897674561
vt 0.7835051417350769 0.77777779102325439
vt 0.7835051417350769 0.83333331346511841
vt 0.7835051417350769 0.8888888955116272
vt 0.7835051417350769 0.94444441795349121
vt 0.7835051417350769 1
vt 0.79381442070007324 0
vt 0.79381442070007324 0.0555555559694767
vt 0.79381442070007324 0.1111111119389534
vt 0.79381442070007324 0.1666666716337204
vt 0.79381442070007324 0.2222222238779068
vt 0.79381442070007324 0.27777779102325439
vt 0.79381442070007324 0.3333333432674408
vt 0.79381442070007324 0.3888888955116272
vt 0.79381442070007324 0.4444444477558136
vt 0.79381442070007324 0.5
vt 0.79381442070007324 0.55555558204650879
vt 0.79381442070007324 0.6111111044883728
vt 0.79381442070007324 0.66666668653488159
vt 0.79381442070007324 0.72222220897674561
vt 0.79381442070007324 0.77777779102325439
vt 0.79381442070007324 0.83333331346511841
vt 0.79381442070007324 0.8888888955116272
vt 0.79381442070007324 0.94444441795349121
vt 0.79381442070007324 1
vt 0.80412369966506958 0
vt 0.80412369966506958 0.0555555559694767
vt 0.80412369966506958 0.1111111119389534
vt 0.80412369966506958 0.1666666716337204
vt 0.80412369966506958 0.2222222238779068
vt 0.80412369966506958 0.27777779102325439
vt 0.80412369966506958 0.3333333432674408
vt 0.80412369966506958 0.3888888955116272
vt 0.80412369966506958 0.4444444477558136
vt 0.80412369966506958 0.5
vt 0.80412369966506958 0.55555558204650879
vt 0.80412369966506958 0.6111111044883728
vt 0.80412369966506958 0.66666668653488159
vt 0.80412369966506958 0.72222220897674561
vt 0.80412369966506958 0.77777779102325439
vt 0.80412369966506958 0.83333331346511841
vt 0.80412369966506958 0.8888888955116272
vt 0.80412369966506958 0.94444441795349121
vt 0.80412369966506958 1
vt 0.81443297863006592 0
vt 0.81443297863006592 0.0555555559694767
vt 0.81443297863006592 0.1111111119389534
vt 0.81443297863006592 0.1666666716337204
vt 0.81443297863006592 0.2222222238779068
vt 0.81443297863006592 0.27777779102325439
vt 0.81443297863006592 0.3333333432674408
vt 0.81443297863006592 0.3888888955116272
vt 0.81443297863006592 0.4444444477558136
vt 0.81443297863006592 0.5
vt 0.81443297863006592 0.55555558204650879
vt 0.81443297863006592 0.6111111044883728
vt 0.81443297863006592 0.66666668653488159
vt 0.81443297863006592 0.72222220897674561
vt 0.81443297863006592 0.77777779102325439
vt 0.81443297863006592 0.83333331346511841
vt 0.81443297863006592 0.8888888955116272
vt 0.81443297863006592 0.94444441795349121
vt 0.81443297863006592 1
vt 0.82474225759506226 0
vt 0.82474225759506226 0.0555555559694767
vt 0.82474225759506226 0.1111111119389534
vt 0.82474225759506226 0.1666666716337204
vt 0.82474225759506226 0.2222222238779068
vt 0.82474225759506226 0.27777779102325439
vt 0.82474225759506226 0.3333333432674408
vt 0.82474225759506226 0.3888888955116272
vt 0.82474225759506226 0.4444444477558136
vt 0.82474225759506226 0.5
vt 0.82474225759506226 0.55555558204650879
vt 0.82474225759506226 0.6111111044883728
vt 0.82474225759506226 0.66666668653488159
vt 0.82474225759506226 0.72222220897674561
vt 0.82474225759506226 0.77777779102325439
vt 0.82474225759506226 0.83333331346511841
vt 0.82474225759506226 0.8888888955116272
vt 0.82474225759506226 0.94444441795349121
vt 0.82474225759506226 1
vt 0.83505153656005859 0
vt 0.83505153656005859 0.0555555559694767
vt 0.83505153656005859 0.1111111119389534
vt 0.83505153656005859 0.1666666716337204
vt 0.83505153656005859 0.2222222238779068
vt 0.83505153656005859 0.27777779102325439
vt 0.83505153656005859 0.3333333432674408
vt 0.83505153656005859 0.3888888955116272
vt 0.83505153656005859 0.4444444477558136
vt 0.83505153656005859 0.5
vt 0.83505153656005859 0.55555558204650879
vt 0.83505153656005859 0.6111111044883728
vt 0.83505153656005859 0.66666668653488159
vt 0.83505153656005859 0.72222220897674561
vt 0.83505153656005859 0.77777779102325439
vt 0.83505153656005859 0.83333331346511841
vt 0.83505153656005859 0.8888888955116272
vt 0.83505153656005859 0.94444441795349121
vt 0.83505153656005859 1
vt 0.84536081552505493 0
vt 0.84536081552505493 0.0555555559694767
vt 0.84536081552505493 0.1111111119389534
vt 0.84536081552505493 0.1666666716337204
vt 0.84536081552505493 0.2222222238779068
vt 0.84536081552505493 0.27777779102325439
vt 0.84536081552505493 0.3333333432674408
vt 0.84536081552505493 0.3888888955116272
vt 0.84536081552505493 0.4444444477558136
vt 0.84536081552505493 0.5
vt 0.84536081552505493 0.55555558204650879
vt 0.84536081552505493 0.6111111044883728
vt 0.84536081552505493 0.66666668653488159
vt 0.84536081552505493 0.72222220897674561
vt 0.84536081552505493 0.77777779102325439
vt 0.84536081552505493 0.83333331346511841
vt 0.84536081552505493 0.8888888955116272
vt 0.84536081552505493 0.94444441795349121
vt 0.84536081552505493 1
vt 0.85567009449005127 0
vt 0.85567009449005127 0.0555555559694767
vt 0.85567009449005127 0.1111111119389534
vt 0.85567009449005127 0.1666666716337204
vt 0.85567009449005127 0.2222222238779068
vt 0.85567009449005127 0.27777779102325439
vt 0.85567009449005127 0.3333333432674408
vt 0.85567009449005127 0.3888888955116272
vt 0.85567009449005127 0.4444444477558136
vt 0.85567009449005127 0.5
vt 0.85567009449005127 0.55555558204650879
vt 0.85567009449005127 0.6111111044883728
vt 0.85567009449005127 0.66666668653488159
vt 0.85567009449005127 0.72222220897674561
vt 0.85567009449005127 0.77777779102325439
vt 0.85567009449005127 0.83333331346511841
vt 0.85567009449005127 0.8888888955116272
vt 0.85567009449005127 0.94444441795349121
vt 0.85567009449005127 1
vt 0.86597937345504761 0
vt 0.86597937345504761 0.0555555559694767
vt 0.86597937345504761 0.1111111119389534
vt 0.86597937345504761 0.1666666716337204
vt 0.86597937345504761 0.2222222238779068
vt 0.86597937345504761 0.27777779102325439
vt 0.86597937345504761 0.3333333432674408
vt 0.86597937345504761 0.3888888955116272
vt 0.86597937345504761 0.4444444477558136
vt 0.86597937345504761 0.5
vt 0.86597937345504761 0.55555558204650879
vt 0.86597937345504761 0.6111111044883728
vt 0.86597937345504761 0.66666668653488159
vt 0.86597937345504761 0.72222220897674561
vt 0.86597937345504761 0.77777779102325439
vt 0.86597937345504761 0.83333331346511841
vt 0.86597937345504761 0.8888888955116272
vt 0.86597937345504761 0.94444441795349121
vt 0.86597937345504761 1
vt 0.87628865242004395 0
vt 0.87628865242004395 0.0555555559694767
vt 0.87628865242004395 0.1111111119389534
vt 0.87628865242004395 0.1666666716337204
vt 0.87628865242004395 0.2222222238779068
vt 0.87628865242004395 0.27777779102325439
vt 0.87628865242004395 0.3333333432674408
vt 0.87628865242004395 0.3888888955116272
vt 0.87628865242004395 0.4444444477558136
vt 0.87628865242004395 0.5
vt 0.87628865242004395 0.55555558204650879
vt 0.87628865242004395 0.6111111044883728
vt 0.87628865242004395 0.66666668653488159
vt 0.87628865242004395 0.72222220897674561
vt 0.87628865242004395 0.77777779102325439
vt 0.87628865242004395 0.83333331346511841
vt 0.87628865242004395 0.8888888955116272
vt 0.87628865242004395 0.94444441795349121
vt 0.87628865242004395 1
vt 0.88659793138504028 0
vt 0.88659793138504028 0.0555555559694767
vt 0.88659793138504028 0.1111111119389534
vt 0.88659793138504028 0.1666666716337204
vt 0.88659793138504028 0.2222222238779068
vt 0.88659793138504028 0.27777779102325439
vt 0.88659793138504028 0.3333333432674408
vt 0.88659793138504028 0.3888888955116272
vt 0.88659793138504028 0.4444444477558136
vt 0.88659793138504028 0.5
vt 0.88659793138504028 0.55555558204650879
vt 0.88659793138504028 0.6111111044883728
vt 0.88659793138504028 0.66666668653488159
vt 0.88659793138504028 0.72222220897674561
vt 0.88659793138504028 0.77777779102325439
vt 0.88659793138504028 0.83333331346511841
vt 0.88659793138504028 0.8888888955116272
vt 0.88659793138504028 0.94444441795349121
vt 0.88659793138504028 1
vt 0.89690721035003662 0
vt 0.89690721035003662 0.0555555559694767
vt 0.89690721035003662 0.1111111119389534
vt 0.89690721035003662 0.1666666716337204
vt 0.89690721035003662 0.2222222238779068
vt 0.89690721035003662 0.27777779102325439
vt 0.89690721035003662 0.3333333432674408
vt 0.89690721035003662 0.3888888955116272
vt 0.89690721035003662 0.4444444477558136
vt 0.89690721035003662 0.5
vt 0.89690721035003662 0.55555558204650879
vt 0.89690721035003662 0.6111111044883728
vt 0.89690721035003662 0.66666668653488159
vt 0.89690721035003662 0.72222220897674561
vt 0.89690721035003662 0.77777779102325439
vt 0.89690721035003662 0.83333331346511841
vt 0.89690721035003662 0.8888888955116272
vt 0.89690721035003662 0.94444441795349121
vt 0.89690721035003662 1
vt 0.90721648931503296 0
vt 0.90721648931503296 0.0555555559694767
vt 0.90721648931503296 0.1111111119389534
vt 0.90721648931503296 0.1666666716337204
vt 0.90721648931503296 0.2222222238779068
vt 0.90721648931503296 0.27777779102325439
vt 0.90721648931503296 0.3333333432674408
vt 0.90721648931503296 0.3888888955116272
vt 0.90721648931503296 0.4444444477558136
vt 0.90721648931503296 0.5
vt 0.90721648931503296 0.55555558204650879
vt 0.90721648931503296 0.6111111044883728
vt 0.90721648931503296 0.66666668653488159
vt 0.90721648931503296 0.72222220897674561
vt 0.90721648931503296 0.77777779102325439
vt 0.90721648931503296 0.83333331346511841
vt 0.90721648931503296 0.8888888955116272
vt 0.90721648931503296 0.94444441795349121
vt 0.90721648931503296 1
vt 0.9175257682800293 0
vt 0.9175257682800293 0.0555555559694767
vt 0.9175257682800293 0.1111111119389534
vt 0.9175257682800293 0.1666666716337204
vt 0.9175257682800293 0.2222222238779068
vt 0.9175257682800293 0.27777779102325439
vt 0.9175257682800293 0.3333333432674408
vt 0.9175257682800293 0.3888888955116272
vt 0.9175257682800293 0.4444444477558136
vt 0.9175257682800293 0.5
vt 0.9175257682800293 0.55555558204650879
vt 0.9175257682800293 0.6111111044883728
vt 0.9175257682800293 0.66666668653488159
vt 0.9175257682800293 0.72222220897674561
vt 0.9175257682800293 0.77777779102325439
vt 0.9175257682800293 0.83333331346511841
vt 0.9175257682800293 0.8888888955116272
vt 0.9175257682800293 0.94444441795349121
vt 0.9175257682800293 1
vt 0.92783504724502563 0
vt 0.92783504724502563 0.0555555559694767
vt 0.92783504724502563 0.1111111119389534
vt 0.92783504724502563 0.1666666716337204
vt 0.92783504724502563 0.2222222238779068
vt 0.92783504724502563 0.27777779102325439
vt 0.92783504724502563 0.3333333432674408
vt 0.92783504724502563 0.3888888955116272
vt 0.92783504724502563 0.4444444477558136
vt 0.92783504724502563 0.5
vt 0.92783504724502563 0.55555558204650879
vt 0.92783504724502563 0.6111111044883728
vt 0.92783504724502563 0.66666668653488159
vt 0.92783504724502563 0.72222220897674561
vt 0.92783504724502563 0.77777779102325439
vt 0.92783504724502563 0.83333331346511841
vt 0.92783504724502563 0.8888888955116272
vt 0.92783504724502563 0.94444441795349121
vt 0.92783504724502563 1
vt 0.93814432621002197 0
vt 0.93814432621002197 0.0555555559694767
vt 0.93814432621002197 0.1111111119389534
vt 0.93814432621002197 0.1666666716337204
vt 0.93814432621002197 0.2222222238779068
vt 0.93814432621002197 0.27777779102325439
vt 0.93814432621002197 0.3333333432674408
vt 0.93814432621002197 0.3888888955116272
vt 0.93814432621002197 0.4444444477558136
vt 0.93814432621002197 0.5
vt 0.93814432621002197 0.55555558204650879
vt 0.93814432621002197 0.6111111044883728
vt 0.93814432621002197 0.66666668653488159
vt 0.93814432621002197 0.72222220897674561
vt 0.93814432621002197 0.77777779102325439
vt 0.93814432621002197 0.83333331346511841
vt 0.93814432621002197 0.8888888955116272
vt 0.93814432621002197 0.94444441795349121
vt 0.93814432621002197 1
vt 0.94845360517501831 0
vt 0.94845360517501831 0.0555555559694767
vt 0.94845360517501831 0.1111111119389534
vt 0.94845360517501831 0.1666666716337204
vt 0.94845360517501831 0.2222222238779068
vt 0.94845360517501831 0.27777779102325439
vt 0.94845360517501831 0.3333333432674408
vt 0.94845360517501831 0.3888888955116272
vt 0.94845360517501831 0.4444444477558136
vt 0.94845360517501831 0.5
vt 0.94845360517501831 0.55555558204650879
vt 0.94845360517501831 0.6111111044883728
vt 0.94845360517501831 0.66666668653488159
vt 0.94845360517501831 0.72222220897674561
vt 0.94845360517501831 0.77777779102325439
vt 0.94845360517501831 0.83333331346511841
vt 0.94845360517501831 0.8888888955116272
vt 0.94845360517501831 0.94444441795349121
vt 0.94845360517501831 1
vt 0.95876288414001465 0
vt 0.95876288414001465 0.0555555559694767
vt 0.95876288414001465 0.1111111119389534
vt 0.95876288414001465 0.1666666716337204
vt 0.95876288414001465 0.2222222238779068
vt 0.95876288414001465 0.27777779102325439
vt 0.95876288414001465 0.3333333432674408
vt 0.95876288414001465 0.3888888955116272
vt 0.95876288414001465 0.4444444477558136
vt 0.95876288414001465 0.5
vt 0.95876288414001465 0.55555558204650879
vt 0.95876288414001465 0.6111111044883728
vt 0.95876288414001465 0.66666668653488159
vt 0.95876288414001465 0.72222220897674561
vt 0.95876288414001465 0.77777779102325439
vt 0.95876288414001465 0.83333331346511841
vt 0.95876288414001465 0.8888888955116272
vt 0.95876288414001465 0.94444441795349121
vt 0.95876288414001465 1
vt 0.96907216310501099 0
vt 0.96907216310501099 0.0555555559694767
vt 0.96907216310501099 0.1111111119389534
vt 0.96907216310501099 0.1666666716337204
vt 0.96907216310501099 0.2222222238779068
vt 0.96907216310501099 0.27777779102325439
vt 0.96907216310501099 0.3333333432674408
vt 0.96907216310501099 0.3888888955116272
vt 0.96907216310501099 0.4444444477558136
vt 0.96907216310501099 0.5
vt 0.96907216310501099 0.55555558204650879
vt 0.96907216310501099 0.6111111044883728
vt 0.96907216310501099 0.66666668653488159
vt 0.96907216310501099 0.72222220897674561
vt 0.96907216310501099 0.77777779102325439
vt 0.96907216310501099 0.83333331346511841
vt 0.96907216310501099 0.8888888955116272
vt 0.96907216310501099 0.94444441795349121
vt 0.96907216310501099 1
vt 0.97938144207000732 0
vt 0.97938144207000732 0.0555555559694767
vt 0.97938144207000732 0.1111111119389534
vt 0.97938144207000732 0.1666666716337204
vt 0.97938144207000732 0.2222222238779068
vt 0.97938144207000732 0.27777779102325439
vt 0.97938144207000732 0.3333333432674408
vt 0.97938144207000732 0.3888888955116272
vt 0.97938144207000732 0.4444444477558136
vt 0.97938144207000732 0.5
vt 0.97938144207000732 0.55555558204650879
vt 0.97938144207000732 0.6111111044883728
vt 0.97938144207000732 0.66666668653488159
vt 0.97938144207000732 0.72222220897674561
vt 0.97938144207000732 0.77777779102325439
vt 0.97938144207000732 0.83333331346511841
vt 0.97938144207000732 0.8888888955116272
vt 0.97938144207000732 0.94444441795349121
vt 0.97938144207000732 1
vt 0.98969072103500366 0
vt 0.98969072103500366 0.0555555559694767
vt 0.98969072103500366 0.1111111119389534
vt 0.98969072103500366 0.1666666716337204
vt 0.98969072103500366 0.2222222238779068
vt 0.98969072103500366 0.27777779102325439
vt 0.98969072103500366 0.3333333432674408
vt 0.98969072103500366 0.3888888955116272
vt 0.98969072103500366 0.4444444477558136
vt 0.98969072103500366 0.5
vt 0.98969072103500366 0.55555558204650879
vt 0.98969072103500366 0.6111111044883728
vt 0.98969072103500366 0.66666668653488159
vt 0.98969072103500366 0.72222220897674561
vt 0.98969072103500366 0.77777779102325439
vt 0.98969072103500366 0.83333331346511841
vt 0.98969072103500366 0.8888888955116272
vt 0.98969072103500366 0.94444441795349121
vt 0.98969072103500366 1
vt 1 0
vt 1 0.0555555559694767
vt 1 0.1111111119389534
vt 1 0.1666666716337204
vt 1 0.2222222238779068
vt 1 0.27777779102325439
vt 1 0.3333333432674408
vt 1 0.3888888955116272
vt 1 0.4444444477558136
vt 1 0.5
vt 1 0.55555558204650879
vt 1 0.6111111044883728
vt 1 0.66666668653488159
vt 1 0.72222220897674561
vt 1 0.77777779102325439
vt 1 0.83333331346511841
vt 1 0.8888888955116272
vt 1 0.94444441795349121
vt 1 1
vn 0 1 0
vn 0 1 0
vn 0 1 0
vn 0 1 0
vn 0 1 0
vn 0 1 0
vn 0 1 0
vn 0 1 0
vn 0 1 0
vn 0 1 0
vn 0 1 0
vn 0 1 0
vn 0 1 0
vn 0 1 0
vn 0 1 0
vn 0 1 0
vn 0 1 0
vn 0 1 0
vn 0 1 0
vn 0 1 0
vn 0 1 0
vn 0 1 0
vn 0 1 0
vn 0 1 0
vn 0 1 0
vn 0 1 0
vn 0 1 0
vn 0 1 0
vn 0 1 0
vn 0 1 0
vn 0 1 0
vn 0 1 0
vn 0 1 0
vn 0 1 0
vn 0 1 0
vn 0 1 0
vn 0 1 0
vn 0 1 0
vn 0 1 0
vn 0 1 0
vn 0 1 0
vn 0 1 0
vn 0 1 0
vn 0 1 0
vn 0 1 0
vn 0 1 0
vn 0 1 0
vn 0 1 0
vn 0 1 0
vn 0 1 0
vn 0 1 0
vn 0 1 0
vn 0 1 0
vn 0 1 0
vn 0 1 0
vn 0 1 0
vn 0 1 0
vn 0 1 0
vn 0 1 0
vn 0 1 0
vn 0 1 0
vn 0 1 0
vn 0 1 0
vn 0 1 0
vn 0 1 0
vn 0 1 0
vn 0 1 0
vn 0 1 0
vn 0 1 0
vn 0 1 0
vn 0 1 0
vn 0 1 0
vn 0 1 0
vn 0 1 0
vn 0 1 0
vn 0 1 0
vn 0 1 0
vn 0 1 0
vn 0 1 0
vn 0 1 0
vn 0 1 0
vn 0 1 0
vn 0 1 0
vn 0 1 0
vn 0 1 0
vn 0 1 0
vn 0 1 0
vn 0 1 0
vn 0 1 0
vn 0 1 0
vn 0 1 0
vn 0 1 0
vn 0 1 0
vn 0 1 0
vn 0 1 0
vn 0 1 0
vn 0 1 0
vn 0 1 0
vn 0 1 0
vn 0 1 0
vn 0 1 0
vn 0 1 0
vn 0 1 0
vn 0 1 0
vn 0 1 0
vn 0 1 0
vn 0 1 0
vn 0 1 0
vn 0 1 0
vn 0 1 0
vn 0 1 0
vn 0 1 0
vn 0 1 0
vn 0 1 0
vn 0 1 0
vn 0 1 0
vn 0 1 0
vn 0 1 0
vn 0 1 0
vn 0 1 0
vn 0 1 0
vn 0 1 0
vn 0 1 0
vn 0 1 0
vn 0 1 0
vn 0 1 0
vn 0 1 0
vn 0 1 0
vn 0 1 0
vn 0 1 0
vn 0 1 0
vn 0 1 0
vn 0 1 0
vn 0 1 0
vn 0 1 0
vn 0 1 0
vn 0 1 0
vn 0 1 0
vn 0 1 0
vn 0 1 0
vn 0 1 0
vn 0 1 0
vn 0 1 0
vn 0 1 0
vn 0 1 0
vn 0 1 0
vn 0 1 0
vn 0 1 0
vn 0 1 0
vn 0 1 0
vn 0 1 0
vn 0 1 0
vn 0 1 0
vn 0 1 0
vn 0 1 0
vn 0 1 0
vn 0 1 0
vn 0 1 0
vn 0 1 0
vn 0 1 0
vn 0 1 0
vn 0 1 0
vn 0 1 0
vn 0 1 0
vn 0 1 0
vn 0 1 0
vn 0 1 0
vn 0 1 0
vn 0 1 0
vn 0 1 0
vn 0 1 0
vn 0 1 0
vn 0 1 0
vn 0 1 0
vn 0 1 0
vn 0 1 0
vn 0 1 0
vn 0 1 0
vn 0 1 0
vn 0 1 0
vn 0 1 0
vn 0 1 0
vn 0 1 0
vn 0 1 0
vn 0 1 0
vn 0 1 0
vn 0 1 0
vn 0 1 0
vn 0 1 0
vn 0 1 0
vn 0 1 0
vn 0 1 0
vn 0 1 0
vn 0 1 0
vn 0 1 0
vn 0 1 0
vn 0 1 0
vn 0 1 0
vn 0 1 0
vn 0 1 0
vn 0 1 0
vn 0 1 0
vn 0 1 0
vn 0 1 0
vn 0 1 0
vn 0 1 0
vn 0 1 0
vn 0 1 0
vn 0 1 0
vn 0 1 0
vn 0 1 0
vn 0 1 0
vn 0 1 0
vn 0 1 0
vn 0 1 0
vn 0 1 0
vn 0 1 0
vn 0 1 0
vn 0 1 0
vn 0 1 0
vn 0 1 0
vn 0 1 0
vn 0 1 0
vn 0 1 0
vn 0 1 0
vn 0 1 0
vn 0 1 0
vn 0 1 0
vn 0 1 0
vn 0 1 0
vn 0 1 0
vn 0 1 0
vn 0 1 0
vn 0 1 0
vn 0 1 0
vn 0 1 0
vn 0 1 0
vn 0 1 0
vn 0 1 0
vn 0 1 0
vn 0 1 0
vn 0 1 0
vn 0 1 0
vn 0 1 0
vn 0 1 0
vn 0 1 0
vn 0 1 0
vn 0 1 0
vn 0 1 0
vn 0 1 0
vn 0 1 0
vn 0 1 0
vn 0 1 0
vn 0 1 0
vn 0 1 0
vn 0 1 0
vn 0 1 0
vn 0 1 0
vn 0 1 0
vn 0 1 0
vn 0 1 0
vn 0 1 0
vn 0 1 0
vn 0 1 0
vn 0 1 0
vn 0 1 0
vn 0 1 0
vn 0 1 0
vn 0 1 0
vn 0 1 0
vn 0 1 0
vn 0 1 0
vn 0 1 0
vn 0 1 0
vn 0 1 0
vn 0 1 0
vn 0 1 0
vn 0 1 0
vn 0 1 0
vn 0 1 0
vn 0 1 0
vn 0 1 0
vn 0 1 0
vn 0 1 0
vn 0 1 0
vn 0 1 0
vn 0 1 0
vn 0 1 0
vn 0 1 0
vn 0 1 0
vn 0 1 0
vn 0 1 0
vn 0 1 0
vn 0 1 0
vn 0 1 0
vn 0 1 0
vn 0 1 0
vn 0 1 0
vn 0 1 0
vn 0 1 0
vn 0 1 0
vn 0 1 0
vn 0 1 0
vn 0 1 0
vn 0 1 0
vn 0 1 0
vn 0 1 0
vn 0 1 0
vn 0 1 0
vn 0 1 0
vn 0 1 0
vn 0 1 0
vn 0 1 0
vn 0 1 0
vn 0 1 0
vn 0 1 0
vn 0 1 0
vn 0 1 0
vn 0 1 0
vn 0 1 0
vn 0 1 0
vn 0 1 0
vn 0 1 0
vn 0 1 0
vn 0 1 0
vn 0 1 0
vn 0 1 0
vn 0 1 0
vn 0 1 0
vn 0 1 0
vn 0 1 0
vn 0 1 0
vn 0 1 0
vn 0 1 0
vn 0 1 0
vn 0 1 0
vn 0 1 0
vn 0 1 0
vn 0 1 0
vn 0 1 0
vn 0 1 0
vn 0 1 0
vn 0 1 0
vn 0 1 0
vn 0 1 0
vn 0 1 0
vn 0 1 0
vn 0 1 0
vn 0 1 0
vn 0 1 0
vn 0 1 0
vn 0 1 0
vn 0 1 0
vn 0 1 0
vn 0 1 0
vn 0 1 0
vn 0 1 0
vn 0 1 0
vn 0 1 0
vn 0 1 0
vn 0 1 0
vn 0 1 0
vn 0 1 0
vn 0 1 0
vn 0 1 0
vn 0 1 0
vn 0 1 0
vn 0 1 0
vn 0 1 0
vn 0 1 0
vn 0 1 0
vn 0 1 0
vn 0 1 0
vn 0 1 0
vn 0 1 0
vn 0 1 0
vn 0 1 0
vn 0 1 0
vn 0 1 0
vn 0 1 0
vn 0 1 0
vn 0 1 0
vn 0 1 0
vn 0 1 0
vn 0 1 0
vn 0 1 0
vn 0 1 0
vn 0 1 0
vn 0 1 0
vn 0 1 0
vn 0 1 0
vn 0 1 0
vn 0 1 0
vn 0 1 0
vn 0 1 0
vn 0 1 0
vn 0 1 0
vn 0 1 0
vn 0 1 0
vn 0 1 0
vn 0 1 0
vn 0 1 0
vn 0 1 0
vn 0 1 0
vn 0 1 0
vn 0 1 0
vn 0 1 0
vn 0 1 0
vn 0 1 0
vn 0 1 0
vn 0 1 0
vn 0 1 0
vn 0 1 0
vn 0 1 0
vn 0 1 0
vn 0 1 0
vn 0 1 0
vn 0 1 0
vn 0 1 0
vn 0 1 0
vn 0 1 0
vn 0 1 0
vn 0 1 0
vn 0 1 0
vn 0 1 0
vn 0 1 0
vn 0 1 0
vn 0 1 0
vn 0 1 0
vn 0 1 0
vn 0 1 0
vn 0 1 0
vn 0 1 0
vn 0 1 0
vn 0 1 0
vn 0 1 0
vn 0 1 0
vn 0 1 0
vn 0 1 0
vn 0 1 0
vn 0 1 0
vn 0 1 0
vn 0 1 0
vn 0 1 0
vn 0 1 0
vn 0 1 0
vn 0 1 0
vn 0 1 0
vn 0 1 0
vn 0 1 0
vn 0 1 0
vn 0 1 0
vn 0 1 0
vn 0 1 0
vn 0 1 0
vn 0 1 0
vn 0 1 0
vn 0 1 0
vn 0 1 0
vn 0 1 0
vn 0 1 0
vn 0 1 0
vn 0 1 0
vn 0 1 0
vn 0 1 0
vn 0 1 0
vn 0 1 0
vn 0 1 0
vn 0 1 0
vn 0 1 0
vn 0 1 0
vn 0 1 0
vn 0 1 0
vn 0 1 0
vn 0 1 0
vn 0 1 0
vn 0 1 0
vn 0 1 0
vn 0 1 0
vn 0 1 0
vn 0 1 0
vn 0 1 0
vn 0 1 0
vn 0 1 0
vn 0 1 0
vn 0 1 0
vn 0 1 0
vn 0 1 0
vn 0 1 0
vn 0 1 0
vn 0 1 0
vn 0 1 0
vn 0 1 0
vn 0 1 0
vn 0 1 0
vn 0 1 0
vn 0 1 0
vn 0 1 0
vn 0 1 0
vn 0 1 0
vn 0 1 0
vn 0 1 0
vn 0 1 0
vn 0 1 0
vn 0 1 0
vn 0 1 0
vn 0 1 0
vn 0 1 0
vn 0 1 0
vn 0 1 0
vn 0 1 0
vn 0 1 0
vn 0 1 0
vn 0 1 0
vn 0 1 0
vn 0 1 0
vn 0 1 0
vn 0 1 0
vn 0 1 0
vn 0 1 0
vn 0 1 0
vn 0 1 0
vn 0 1 0
vn 0 1 0
vn 0 1 0
vn 0 1 0
vn 0 1 0
vn 0 1 0
vn 0 1 0
vn 0 1 0
vn 0 1 0
vn 0 1 0
vn 0 1 0
vn 0 1 0
vn 0 1 0
vn 0 1 0
vn 0 1 0
vn 0 1 0
vn 0 1 0
vn 0 1 0
vn 0 1 0
vn 0 1 0
vn 0 1 0
vn 0 1 0
vn 0 1 0
vn 0 1 0
vn 0 1 0
vn 0 1 0
vn 0 1 0
vn 0 1 0
vn 0 1 0
vn 0 1 0
vn 0 1 0
vn 0 1 0
vn 0 1 0
vn 0 1 0
vn 0 1 0
vn 0 1 0
vn 0 1 0
vn 0 1 0
vn 0 1 0
vn 0 1 0
vn 0 1 0
vn 0 1 0
vn 0 1 0
vn 0 1 0
vn 0 1 0
vn 0 1 0
vn 0 1 0
vn 0 1 0
vn 0 1 0
vn 0 1 0
vn 0 1 0
vn 0 1 0
vn 0 1 0
vn 0 1 0
vn 0 1 0
vn 0 1 0
vn 0 1 0
vn 0 1 0
vn 0 1 0
vn 0 1 0
vn 0 1 0
vn 0 1 0
vn 0 1 0
vn 0 1 0
vn 0 1 0
vn 0 1 0
vn 0 1 0
vn 0 1 0
vn 0 1 0
vn 0 1 0
vn 0 1 0
vn 0 1 0
vn 0 1 0
vn 0 1 0
vn 0 1 0
vn 0 1 0
vn 0 1 0
vn 0 1 0
vn 0 1 0
vn 0 1 0
vn 0 1 0
vn 0 1 0
vn 0 1 0
vn 0 1 0
vn 0 1 0
vn 0 1 0
vn 0 1 0
vn 0 1 0
vn 0 1 0
vn 0 1 0
vn 0 1 0
vn 0 1 0
vn 0 1 0
vn 0 1 0
vn 0 1 0
vn 0 1 0
vn 0 1 0
vn 0 1 0
vn 0 1 0
vn 0 1 0
vn 0 1 0
vn 0 1 0
vn 0 1 0
vn 0 1 0
vn 0 1 0
vn 0 1 0
vn 0 1 0
vn 0 1 0
vn 0 1 0
vn 0 1 0
vn 0 1 0
vn 0 1 0
vn 0 1 0
vn 0 1 0
vn 0 1 0
vn 0 1 0
vn 0 1 0
vn 0 1 0
vn 0 1 0
vn 0 1 0
vn 0 1 0
vn 0 1 0
vn 0 1 0
vn 0 1 0
vn 0 1 0
vn 0 1 0
vn 0 1 0
vn 0 1 0
vn 0 1 0
vn 0 1 0
vn 0 1 0
vn 0 1 0
vn 0 1 0
vn 0 1 0
vn 0 1 0
vn 0 1 0
vn 0 1 0
vn 0 1 0
vn 0 1 0
vn 0 1 0
vn 0 1 0
vn 0 1 0
vn 0 1 0
vn 0 1 0
vn 0 1 0
vn 0 1 0
vn 0 1 0
vn 0 1 0
vn 0 1 0
vn 0 1 0
vn 0 1 0
vn 0 1 0
vn 0 1 0
vn 0 1 0
vn 0 1 0
vn 0 1 0
vn 0 1 0
vn 0 1 0
vn 0 1 0
vn 0 1 0
vn 0 1 0
vn 0 1 0
vn 0 1 0
vn 0 1 0
vn 0 1 0
vn 0 1 0
vn 0 1 0
vn 0 1 0
vn 0 1 0
vn 0 1 0
vn 0 1 0
vn 0 1 0
vn 0 1 0
vn 0 1 0
vn 0 1 0
vn 0 1 0
vn 0 1 0
vn 0 1 0
vn 0 1 0
vn 0 1 0
vn 0 1 0
vn 0 1 0
vn 0 1 0
vn 0 1 0
vn 0 1 0
vn 0 1 0
vn 0 1 0
vn 0 1 0
vn 0 1 0
vn 0 1 0
vn 0 1 0
vn 0 1 0
vn 0 1 0
vn 0 1 0
vn 0 1 0
vn 0 1 0
vn 0 1 0
vn 0 1 0
vn 0 1 0
vn 0 1 0
vn 0 1 0
vn 0 1 0
vn 0 1 0
vn 0 1 0
vn 0 1 0
vn 0 1 0
vn 0 1 0
vn 0 1 0
vn 0 1 0
vn 0 1 0
vn 0 1 0
vn 0 1 0
vn 0 1 0
vn 0 1 0
vn 0 1 0
vn 0 1 0
vn 0 1 0
vn 0 1 0
vn 0 1 0
vn 0 1 0
vn 0 1 0
vn 0 1 0
vn 0 1 0
vn 0 1 0
vn 0 1 0
vn 0 1 0
vn 0 1 0
vn 0 1 0
vn 0 1 0
vn 0 1 0
vn 0 1 0
vn 0 1 0
vn 0 1 0
vn 0 1 0
vn 0 1 0
vn 0 1 0
vn 0 1 0
vn 0 1 0
vn 0 1 0
vn 0 1 0
vn 0 1 0
vn 0 1 0
vn 0 1 0
vn 0 1 0
vn 0 1 0
vn 0 1 0
vn 0 1 0
vn 0 1 0
vn 0 1 0
vn 0 1 0
vn 0 1 0
vn 0 1 0
vn 0 1 0
vn 0 1 0
vn 0 1 0
vn 0 1 0
vn 0 1 0
vn 0 1 0
vn 0 1 0
vn 0 1 0
vn 0 1 0
vn 0 1 0
vn 0 1 0
vn 0 1 0
vn 0 1 0
vn 0 1 0
vn 0 1 0
vn 0 1 0
vn 0 1 0
vn 0 1 0
vn 0 1 0
vn 0 1 0
vn 0 1 0
vn 0 1 0
vn 0 1 0
vn 0 1 0
vn 0 1 0
vn 0 1 0
vn 0 1 0
vn 0 1 0
vn 0 1 0
vn 0 1 0
vn 0 1 0
vn 0 1 0
vn 0 1 0
vn 0 1 0
vn 0 1 0
vn 0 1 0
vn 0 1 0
vn 0 1 0
vn 0 1 0
vn 0 1 0
vn 0 1 0
vn 0 1 0
vn 0 1 0
vn 0 1 0
vn 0 1 0
vn 0 1 0
vn 0 1 0
vn 0 1 0
vn 0 1 0
vn 0 1 0
vn 0 1 0
vn 0 1 0
vn 0 1 0
vn 0 1 0
vn 0 1 0
vn 0 1 0
vn 0 1 0
vn 0 1 0
vn 0 1 0
vn 0 1 0
vn 0 1 0
vn 0 1 0
vn 0 1 0
vn 0 1 0
vn 0 1 0
vn 0 1 0
vn 0 1 0
vn 0 1 0
vn 0 1 0
vn 0 1 0
vn 0 1 0
vn 0 1 0
vn 0 1 0
vn 0 1 0
vn 0 1 0
vn 0 1 0
vn 0 1 0
vn 0 1 0
vn 0 1 0
vn 0 1 0
vn 0 1 0
vn 0 1 0
vn 0 1 0
vn 0 1 0
vn 0 1 0
vn 0 1 0
vn 0 1 0
vn 0 1 0
vn 0 1 0
vn 0 1 0
vn 0 1 0
vn 0 1 0
vn 0 1 0
vn 0 1 0
vn 0 1 0
vn 0 1 0
vn 0 1 0
vn 0 1 0
vn 0 1 0
vn 0 1 0
vn 0 1 0
vn 0 1 0
vn 0 1 0
vn 0 1 0
vn 0 1 0
vn 0 1 0
vn 0 1 0
vn 0 1 0
vn 0 1 0
vn 0 1 0
vn 0 1 0
vn 0 1 0
vn 0 1 0
vn 0 1 0
vn 0 1 0
vn 0 1 0
vn 0 1 0
vn 0 1 0
vn 0 1 0
vn 0 1 0
vn 0 1 0
vn 0 1 0
vn 0 1 0
vn 0 1 0
vn 0 1 0
vn 0 1 0
vn 0 1 0
vn 0 1 0
vn 0 1 0
vn 0 1 0
vn 0 1 0
vn 0 1 0
vn 0 1 0
vn 0 1 0
vn 0 1 0
vn 0 1 0
vn 0 1 0
vn 0 1 0
vn 0 1 0
vn 0 1 0
vn 0 1 0
vn 0 1 0
vn 0 1 0
vn 0 1 0
vn 0 1 0
vn 0 1 0
vn 0 1 0
vn 0 1 0
vn 0 1 0
vn 0 1 0
vn 0 1 0
vn 0 1 0
vn 0 1 0
vn 0 1 0
vn 0 1 0
vn 0 1 0
vn 0 1 0
vn 0 1 0
vn 0 1 0
vn 0 1 0
vn 0 1 0
vn 0 1 0
vn 0 1 0
vn 0 1 0
vn 0 1 0
vn 0 1 0
vn 0 1 0
vn 0 1 0
vn 0 1 0
vn 0 1 0
vn 0 1 0
vn 0 1 0
vn 0 1 0
vn 0 1 0
vn 0 1 0
vn 0 1 0
vn 0 1 0
vn 0 1 0
vn 0 1 0
vn 0 1 0
vn 0 1 0
vn 0 1 0
vn 0 1 0
vn 0 1 0
vn 0 1 0
vn 0 1 0
vn 0 1 0
vn 0 1 0
vn 0 1 0
vn 0 1 0
vn 0 1 0
vn 0 1 0
vn 0 1 0
vn 0 1 0
vn 0 1 0
vn 0 1 0
vn 0 1 0
vn 0 1 0
vn 0 1 0
vn 0 1 0
vn 0 1 0
vn 0 1 0
vn 0 1 0
vn 0 1 0
vn 0 1 0
vn 0 1 0
vn 0 1 0
vn 0 1 0
vn 0 1 0
vn 0 1 0
vn 0 1 0
vn 0 1 0
vn 0 1 0
vn 0 1 0
vn 0 1 0
vn 0 1 0
vn 0 1 0
vn 0 1 0
vn 0 1 0
vn 0 1 0
vn 0 1 0
vn 0 1 0
vn 0 1 0
vn 0 1 0
vn 0 1 0
vn 0 1 0
vn 0 1 0
vn 0 1 0
vn 0 1 0
vn 0 1 0
vn 0 1 0
vn 0 1 0
vn 0 1 0
vn 0 1 0
vn 0 1 0
vn 0 1 0
vn 0 1 0
vn 0 1 0
vn 0 1 0
vn 0 1 0
vn 0 1 0
vn 0 1 0
vn 0 1 0
vn 0 1 0
vn 0 1 0
vn 0 1 0
vn 0 1 0
vn 0 1 0
vn 0 1 0
vn 0 1 0
vn 0 1 0
vn 0 1 0
vn 0 1 0
vn 0 1 0
vn 0 1 0
vn 0 1 0
vn 0 1 0
vn 0 1 0
vn 0 1 0
vn 0 1 0
vn 0 1 0
vn 0 1 0
vn 0 1 0
vn 0 1 0
vn 0 1 0
vn 0 1 0
vn 0 1 0
vn 0 1 0
vn 0 1 0
vn 0 1 0
vn 0 1 0
vn 0 1 0
vn 0 1 0
vn 0 1 0
vn 0 1 0
vn 0 1 0
vn 0 1 0
vn 0 1 0
vn 0 1 0
vn 0 1 0
vn 0 1 0
vn 0 1 0
vn 0 1 0
vn 0 1 0
vn 0 1 0
vn 0 1 0
vn 0 1 0
vn 0 1 0
vn 0 1 0
vn 0 1 0
vn 0 1 0
vn 0 1 0
vn 0 1 0
vn 0 1 0
vn 0 1 0
vn 0 1 0
vn 0 1 0
vn 0 1 0
vn 0 1 0
vn 0 1 0
vn 0 1 0
vn 0 1 0
vn 0 1 0
vn 0 1 0
vn 0 1 0
vn 0 1 0
vn 0 1 0
vn 0 1 0
vn 0 1 0
vn 0 1 0
vn 0 1 0
vn 0 1 0
vn 0 1 0
vn 0 1 0
vn 0 1 0
vn 0 1 0
vn 0 1 0
vn 0 1 0
vn 0 1 0
vn 0 1 0
vn 0 1 0
vn 0 1 0
vn 0 1 0
vn 0 1 0
vn 0 1 0
vn 0 1 0
vn 0 1 0
vn 0 1 0
vn 0 1 0
vn 0 1 0
vn 0 1 0
vn 0 1 0
vn 0 1 0
vn 0 1 0
vn 0 1 0
vn 0 1 0
vn 0 1 0
vn 0 1 0
vn 0 1 0
vn 0 1 0
vn 0 1 0
vn 0 1 0
vn 0 1 0
vn 0 1 0
vn 0 1 0
vn 0 1 0
vn 0 1 0
vn 0 1 0
vn 0 1 0
vn 0 1 0
vn 0 1 0
vn 0 1 0
vn 0 1 0
vn 0 1 0
vn 0 1 0
vn 0 1 0
vn 0 1 0
vn 0 1 0
vn 0 1 0
vn 0 1 0
vn 0 1 0
vn 0 1 0
vn 0 1 0
vn 0 1 0
vn 0 1 0
vn 0 1 0
vn 0 1 0
vn 0 1 0
vn 0 1 0
vn 0 1 0
vn 0 1 0
vn 0 1 0
vn 0 1 0
vn 0 1 0
vn 0 1 0
vn 0 1 0
vn 0 1 0
vn 0 1 0
vn 0 1 0
vn 0 1 0
vn 0 1 0
vn 0 1 0
vn 0 1 0
vn 0 1 0
vn 0 1 0
vn 0 1 0
vn 0 1 0
vn 0 1 0
vn 0 1 0
vn 0 1 0
vn 0 1 0
vn 0 1 0
vn 0 1 0
vn 0 1 0
vn 0 1 0
vn 0 1 0
vn 0 1 0
vn 0 1 0
vn 0 1 0
vn 0 1 0
vn 0 1 0
vn 0 1 0
vn 0 1 0
vn 0 1 0
vn 0 1 0
vn 0 1 0
vn 0 1 0
vn 0 1 0
vn 0 1 0
vn 0 1 0
vn 0 1 0
vn 0 1 0
vn 0 1 0
vn 0 1 0
vn 0 1 0
vn 0 1 0
vn 0 1 0
vn 0 1 0
vn 0 1 0
vn 0 1 0
vn 0 1 0
vn 0 1 0
vn 0 1 0
vn 0 1 0
vn 0 1 0
vn 0 1 0
vn 0 1 0
vn 0 1 0
vn 0 1 0
vn 0 1 0
vn 0 1 0
vn 0 1 0
vn 0 1 0
vn 0 1 0
vn 0 1 0
vn 0 1 0
vn 0 1 0
vn 0 1 0
vn 0 1 0
vn 0 1 0
vn 0 1 0
vn 0 1 0
vn 0 1 0
vn 0 1 0
vn 0 1 0
vn 0 1 0
vn 0 1 0
vn 0 1 0
vn 0 1 0
vn 0 1 0
vn 0 1 0
vn 0 1 0
vn 0 1 0
vn 0 1 0
vn 0 1 0
vn 0 1 0
vn 0 1 0
vn 0 1 0
vn 0 1 0
vn 0 1 0
vn 0 1 0
vn 0 1 0
vn 0 1 0
vn 0 1 0
vn 0 1 0
vn 0 1 0
vn 0 1 0
vn 0 1 0
vn 0 1 0
vn 0 1 0
vn 0 1 0
vn 0 1 0
vn 0 1 0
vn 0 1 0
vn 0 1 0
vn 0 1 0
vn 0 1 0
vn 0 1 0
vn 0 1 0
vn 0 1 0
vn 0 1 0
vn 0 1 0
vn 0 1 0
vn 0 1 0
vn 0 1 0
vn 0 1 0
vn 0 1 0
vn 0 1 0
vn 0 1 0
vn 0 1 0
vn 0 1 0
vn 0 1 0
vn 0 1 0
vn 0 1 0
vn 0 1 0
vn 0 1 0
vn 0 1 0
vn 0 1 0
vn 0 1 0
vn 0 1 0
vn 0 1 0
vn 0 1 0
vn 0 1 0
vn 0 1 0
vn 0 1 0
vn 0 1 0
vn 0 1 0
vn 0 1 0
vn 0 1 0
vn 0 1 0
vn 0 1 0
vn 0 1 0
vn 0 1 0
vn 0 1 0
vn 0 1 0
vn 0 1 0
vn 0 1 0
vn 0 1 0
vn 0 1 0
vn 0 1 0
vn 0 1 0
vn 0 1 0
vn 0 1 0
vn 0 1 0
vn 0 1 0
vn 0 1 0
vn 0 1 0
vn 0 1 0
vn 0 1 0
vn 0 1 0
vn 0 1 0
vn 0 1 0
vn 0 1 0
vn 0 1 0
vn 0 1 0
vn 0 1 0
vn 0 1 0
vn 0 1 0
vn 0 1 0
vn 0 1 0
vn 0 1 0
vn 0 1 0
vn 0 1 0
vn 0 1 0
vn 0 1 0
vn 0 1 0
vn 0 1 0
vn 0 1 0
vn 0 1 0
vn 0 1 0
vn 0 1 0
vn 0 1 0
vn 0 1 0
vn 0 1 0
vn 0 1 0
vn 0 1 0
vn 0 1 0
vn 0 1 0
vn 0 1 0
vn 0 1 0
vn 0 1 0
vn 0 1 0
vn 0 1 0
vn 0 1 0
vn 0 1 0
vn 0 1 0
vn 0 1 0
vn 0 1 0
vn 0 1 0
vn 0 1 0
vn 0 1 0
vn 0 1 0
vn 0 1 0
vn 0 1 0
vn 0 1 0
vn 0 1 0
vn 0 1 0
vn 0 1 0
vn 0 1 0
vn 0 1 0
vn 0 1 0
vn 0 1 0
vn 0 1 0
vn 0 1 0
vn 0 1 0
vn 0 1 0
vn 0 1 0
vn 0 1 0
vn 0 1 0
vn 0 1 0
vn 0 1 0
vn 0 1 0
vn 0 1 0
vn 0 1 0
vn 0 1 0
vn 0 1 0
vn 0 1 0
vn 0 1 0
vn 0 1 0
vn 0 1 0
vn 0 1 0
vn 0 1 0
vn 0 1 0
vn 0 1 0
vn 0 1 0
vn 0 1 0
vn 0 1 0
vn 0 1 0
vn 0 1 0
vn 0 1 0
vn 0 1 0
vn 0 1 0
vn 0 1 0
vn 0 1 0
vn 0 1 0
vn 0 1 0
vn 0 1 0
vn 0 1 0
vn 0 1 0
vn 0 1 0
vn 0 1 0
vn 0 1 0
vn 0 1 0
vn 0 1 0
vn 0 1 0
vn 0 1 0
vn 0 1 0
vn 0 1 0
vn 0 1 0
vn 0 1 0
vn 0 1 0
vn 0 1 0
vn 0 1 0
vn 0 1 0
vn 0 1 0
vn 0 1 0
vn 0 1 0
vn 0 1 0
vn 0 1 0
vn 0 1 0
vn 0 1 0
vn 0 1 0
vn 0 1 0
vn 0 1 0
vn 0 1 0
vn 0 1 0
vn 0 1 0
vn 0 1 0
vn 0 1 0
vn 0 1 0
vn 0 1 0
vn 0 1 0
vn 0 1 0
vn 0 1 0
vn 0 1 0
vn 0 1 0
vn 0 1 0
vn 0 1 0
vn 0 1 0
vn 0 1 0
vn 0 1 0
vn 0 1 0
vn 0 1 0
vn 0 1 0
vn 0 1 0
vn 0 1 0
vn 0 1 0
vn 0 1 0
vn 0 1 0
vn 0 1 0
vn 0 1 0
vn 0 1 0
vn 0 1 0
vn 0 1 0
vn 0 1 0
vn 0 1 0
vn 0 1 0
vn 0 1 0
vn 0 1 0
vn 0 1 0
vn 0 1 0
vn 0 1 0
vn 0 1 0
vn 0 1 0
vn 0 1 0
vn 0 1 0
vn 0 1 0
vn 0 1 0
vn 0 1 0
vn 0 1 0
vn 0 1 0
vn 0 1 0
vn 0 1 0
vn 0 1 0
vn 0 1 0
vn 0 1 0
vn 0 1 0
vn 0 1 0
vn 0 1 0
vn 0 1 0
vn 0 1 0
vn 0 1 0
vn 0 1 0
vn 0 1 0
vn 0 1 0
vn 0 1 0
vn 0 1 0
vn 0 1 0
vn 0 1 0
vn 0 1 0
vn 0 1 0
vn 0 1 0
vn 0 1 0
vn 0 1 0
vn 0 1 0
vn 0 1 0
vn 0 1 0
vn 0 1 0
vn 0 1 0
vn 0 1 0
vn 0 1 0
vn 0 1 0
vn 0 1 0
vn 0 1 0
vn 0 1 0
vn 0 1 0
vn 0 1 0
vn 0 1 0
vn 0 1 0
vn 0 1 0
vn 0 1 0
vn 0 1 0
vn 0 1 0
vn 0 1 0
vn 0 1 0
vn 0 1 0
vn 0 1 0
vn 0 1 0
vn 0 1 0
vn 0 1 0
vn 0 1 0
vn 0 1 0
vn 0 1 0
vn 0 1 0
vn 0 1 0
vn 0 1 0
vn 0 1 0
vn 0 1 0
vn 0 1 0
vn 0 1 0
vn 0 1 0
vn 0 1 0
vn 0 1 0
vn 0 1 0
vn 0 1 0
vn 0 1 0
vn 0 1 0
vn 0 1 0
vn 0 1 0
vn 0 1 0
vn 0 1 0
vn 0 1 0
vn 0 1 0
vn 0 1 0
vn 0 1 0
vn 0 1 0
vn 0 1 0
vn 0 1 0
vn 0 1 0
vn 0 1 0
vn 0 1 0
vn 0 1 0
vn 0 1 0
vn 0 1 0
vn 0 1 0
vn 0 1 0
vn 0 1 0
vn 0 1 0
vn 0 1 0
vn 0 1 0
vn 0 1 0
vn 0 1 0
vn 0 1 0
vn 0 1 0
vn 0 1 0
vn 0 1 0
vn 0 1 0
vn 0 1 0
vn 0 1 0
vn 0 1 0
vn 0 1 0
vn 0 1 0
vn 0 1 0
vn 0 1 0
vn 0 1 0
vn 0 1 0
vn 0 1 0
vn 0 1 0
vn 0 1 0
vn 0 1 0
vn 0 1 0
vn 0 1 0
vn 0 1 0
vn 0 1 0
vn 0 1 0
vn 0 1 0
vn 0 1 0
vn 0 1 0
vn 0 1 0
vn 0 1 0
vn 0 1 0
vn 0 1 0
vn 0 1 0
vn 0 1 0
vn 0 1 0
vn 0 1 0
vn 0 1 0
vn 0 1 0
vn 0 1 0
vn 0 1 0
vn 0 1 0
vn 0 1 0
vn 0 1 0
vn 0 1 0
vn 0 1 0
vn 0 1 0
vn 0 1 0
vn 0 1 0
vn 0 1 0
vn 0 1 0
vn 0 1 0
vn 0 1 0
vn 0 1 0
vn 0 1 0
vn 0 1 0
vn 0 1 0
vn 0 1 0
vn 0 1 0
vn 0 1 0
vn 0 1 0
vn 0 1 0
vn 0 1 0
vn 0 1 0
vn 0 1 0
vn 0 1 0
vn 0 1 0
vn 0 1 0
vn 0 1 0
vn 0 1 0
vn 0 1 0
vn 0 1 0
vn 0 1 0
vn 0 1 0
vn 0 1 0
vn 0 1 0
vn 0 1 0
vn 0 1 0
vn 0 1 0
vn 0 1 0
vn 0 1 0
vn 0 1 0
vn 0 1 0
vn 0 1 0
vn 0 1 0
vn 0 1 0
vn 0 1 0
vn 0 1 0
vn 0 1 0
vn 0 1 0
vn 0 1 0
vn 0 1 0
vn 0 1 0
vn 0 1 0
vn 0 1 0
vn 0 1 0
vn 0 1 0
vn 0 1 0
vn 0 1 0
vn 0 1 0
vn 0 1 0
vn 0 1 0
vn 0 1 0
vn 0 1 0
vn 0 1 0
vn 0 1 0
vn 0 1 0
vn 0 1 0
vn 0 1 0
vn 0 1 0
vn 0 1 0
vn 0 1 0
vn 0 1 0
vn 0 1 0
vn 0 1 0
vn 0 1 0
vn 0 1 0
vn 0 1 0
vn 0 1 0
vn 0 1 0
vn 0 1 0
vn 0 1 0
vn 0 1 0
vn 0 1 0
vn 0 1 0
vn 0 1 0
vn 0 1 0
vn 0 1 0
vn 0 1 0
vn 0 1 0
vn 0 1 0
vn 0 1 0
vn 0 1 0
vn 0 1 0
vn 0 1 0
vn 0 1 0
vn 0 1 0
vn 0 1 0
vn 0 1 0
vn 0 1 0
vn 0 1 0
vn 0 1 0
vn 0 1 0
vn 0 1 0
vn 0 1 0
vn 0 1 0
vn 0 1 0
vn 0 1 0
vn 0 1 0
vn 0 1 0
vn 0 1 0
vn 0 1 0
vn 0 1 0
vn 0 1 0
vn 0 1 0
vn 0 1 0
vn 0 1 0
vn 0 1 0
vn 0 1 0
vn 0 1 0
vn 0 1 0
vn 0 1 0
vn 0 1 0
vn 0 1 0
vn 0 1 0
vn 0 1 0
vn 0 1 0
vn 0 1 0
vn 0 1 0
vn 0 1 0
vn 0 1 0
vn 0 1 0
vn 0 1 0
vn 0 1 0
vn 0 1 0
vn 0 1 0
vn 0 1 0
vn 0 1 0
vn 0 1 0
vn 0 1 0
vn 0 1 0
vn 0 1 0
vn 0 1 0
vn 0 1 0
vn 0 1 0
vn 0 1 0
vn 0 1 0
vn 0 1 0
vn 0 1 0
vn 0 1 0
vn 0 1 0
vn 0 1 0
vn 0 1 0
vn 0 1 0
vn 0 1 0
vn 0 1 0
vn 0 1 0
vn 0 1 0
vn 0 1 0
vn 0 1 0
vn 0 1 0
vn 0 1 0
vn 0 1 0
vn 0 1 0
vn 0 1 0
vn 0 1 0
vn 0 1 0
vn 0 1 0
vn 0 1 0
vn 0 1 0
vn 0 1 0
vn 0 1 0
vn 0 1 0
vn 0 1 0
vn 0 1 0
vn 0 1 0
vn 0 1 0
vn 0 1 0
vn 0 1 0
vn 0 1 0
vn 0 1 0
vn 0 1 0
vn 0 1 0
vn 0 1 0
vn 0 1 0
vn 0 1 0
vn 0 1 0
vn 0 1 0
vn 0 1 0
vn 0 1 0
vn 0 1 0
vn 0 1 0
vn 0 1 0
vn 0 1 0
vn 0 1 0
vn 0 1 0
vn 0 1 0
vn 0 1 0
vn 0 1 0
vn 0 1 0
vn 0 1 0
vn 0 1 0
vn 0 1 0
vn 0 1 0
vn 0 1 0
vn 0 1 0
vn 0 1 0
vn 0 1 0
vn 0 1 0
vn 0 1 0
vn 0 1 0
vn 0 1 0
vn 0 1 0
vn 0 1 0
vn 0 1 0
vn 0 1 0
vn 0 1 0
vn 0 1 0
vn 0 1 0
vn 0 1 0
vn 0 1 0
vn 0 1 0
vn 0 1 0
vn 0 1 0
vn 0 1 0
vn 0 1 0
vn 0 1 0
vn 0 1 0
vn 0 1 0
vn 0 1 0
vn 0 1 0
vn 0 1 0
vn 0 1 0
vn 0 1 0
vn 0 1 0
vn 0 1 0
vn 0 1 0
vn 0 1 0
vn 0 1 0
vn 0 1 0
vn 0 1 0
vn 0 1 0
vn 0 1 0
vn 0 1 0
vn 0 1 0
vn 0 1 0
vn 0 1 0
vn 0 1 0
vn 0 1 0
vn 0 1 0
vn 0 1 0
vn 0 1 0
vn 0 1 0
vn 0 1 0
vn 0 1 0
vn 0 1 0
vn 0 1 0
vn 0 1 0
vn 0 1 0
vn 0 1 0
vn 0 1 0
vn 0 1 0
vn 0 1 0
vn 0 1 0
vn 0 1 0
vn 0 1 0
vn 0 1 0
vn 0 1 0
vn 0 1 0
f 21/21/21 2/2/2 1/1/1 20/20/20
f 22/22/22 3/3/3 2/2/2 21/21/21
f 23/23/23 4/4/4 3/3/3 22/22/22
f 24/24/24 5/5/5 4/4/4 23/23/23
f 25/25/25 6/6/6 5/5/5 24/24/24
f 26/26/26 7/7/7 6/6/6 25/25/25
f 27/27/27 8/8/8 7/7/7 26/26/26
f 28/28/28 9/9/9 8/8/8 27/27/27
f 29/29/29 10/10/10 9/9/9 28/28/28
f 30/30/30 11/11/11 10/10/10 29/29/29
f 31/31/31 12/12/12 11/11/11 30/30/30
f 32/32/32 13/13/13 12/12/12 31/31/31
f 33/33/33 14/14/14 13/13/13 32/32/32
f 34/34/34 15/15/15 14/14/14 33/33/33
f 35/35/35 16/16/16 15/15/15 34/34/34
f 36/36/36 17/17/17 16/16/16 35/35/35
f 37/37/37 18/18/18 17/17/17 36/36/36
f 38/38/38 19/19/19 18/18/18 37/37/37
f 40/40/40 21/21/21 20/20/20 39/39/39
f 41/41/41 22/22/22 21/21/21 40/40/40
f 42/42/42 23/23/23 22/22/22 41/41/41
f 43/43/43 24/24/24 23/23/23 42/42/42
f 44/44/44 25/25/25 24/24/24 43/43/43
f 45/45/45 26/26/26 25/25/25 44/44/44
f 46/46/46 27/27/27 26/26/26 45/45/45
f 47/47/47 28/28/28 27/27/27 46/46/46
f 48/48/48 29/29/29 28/28/28 47/47/47
f 49/49/49 30/30/30 29/29/29 48/48/48
f 50/50/50 31/31/31 30/30/30 49/49/49
f 51/51/51 32/32/32 31/31/31 50/50/50
f 52/52/52 33/33/33 32/32/32 51/51/51
f 53/53/53 34/34/34 33/33/33 52/52/52
f 54/54/54 35/35/35 34/34/34 53/53/53
f 55/55/55 36/36/36 35/35/35 54/54/54
f 56/56/56 37/37/37 36/36/36 55/55/55
f 57/57/57 38/38/38 37/37/37 56/56/56
f 59/59/59 40/40/40 39/39/39 58/58/58
f 60/60/60 41/41/41 40/40/40 59/59/59
f 61/61/61 42/42/42 41/41/41 60/60/60
f 62/62/62 43/43/43 42/42/42 61/61/61
f 63/63/63 44/44/44 43/43/43 62/62/62
f 64/64/64 45/45/45 44/44/44 63/63/63
f 65/65/65 46/46/46 45/45/45 64/64/64
f 66/66/66 47/47/47 46/46/46 65/65/65
f 67/67/67 48/48/48 47/47/47 66/66/66
f 68/68/68 49/49/49 48/48/48 67/67/67
f 69/69/69 50/50/50 49/49/49 68/68/68
f 70/70/70 51/51/51 50/50/50 69/69/69
f 71/71/71 52/52/52 51/51/51 70/70/70
f 72/72/72 53/53/53 52/52/52 71/71/71
f 73/73/73 54/54/54 53/53/53 72/72/72
f 74/74/74 55/55/55 54/54/54 73/73/73
f 75/75/75 56/56/56 55/55/55 74/74/74
f 76/76/76 57/57/57 56/56/56 75/75/75
f 78/78/78 59/59/59 58/58/58 77/77/77
f 79/79/79 60/60/60 59/59/59 78/78/78
f 80/80/80 61/61/61 60/60/60 79/79/79
f 81/81/81 62/62/62 61/61/61 80/80/80
f 82/82/82 63/63/63 62/62/62 81/81/81
f 83/83/83 64/64/64 63/63/63 82/82/82
f 84/84/84 65/65/65 64/64/64 83/83/83
f 85/85/85 66/66/66 65/65/65 84/84/84
f 86/86/86 67/67/67 66/66/66 85/85/85
f 87/87/87 68/68/68 67/67/67 86/86/86
f 88/88/88 69/69/69 68/68/68 87/87/87
f 89/89/89 70/70/70 69/69/69 88/88/88
f 90/90/90 71/71/71 70/70/70 89/89/89
f 91/91/91 72/72/72 71/71/71 90/90/90
f 92/92/92 73/73/73 72/72/72 91/91/91
f 93/93/93 74/74/74 73/73/73 92/92/92
f 94/94/94 75/75/75 74/74/74 93/93/93
f 95/95/95 76/76/76 75/75/75 94/94/94
f 97/97/97 78/78/78 77/77/77 96/96/96
f 98/98/98 79/79/79 78/78/78 97/97/97
f 99/99/99 80/80/80 79/79/79 98/98/98
f 100/100/100 81/81/81 80/80/80 99/99/99
f 101/101/101 82/82/82 81/81/81 100/100/100
f 102/102/102 83/83/83 82/82/82 101/101/101
f 103/103/103 84/84/84 83/83/83 102/102/102
f 104/104/104 85/85/85 84/84/84 103/103/103
f 105/105/105 86/86/86 85/85/85 104/104/104
f 106/106/106 87/87/87 86/86/86 105/105/105
f 107/107/107 88/88/88 87/87/87 106/106/106
f 108/108/108 89/89/89 88/88/88 107/107/107
f 109/109/109 90/90/90 89/89/89 108/108/108
f 110/110/110 91/91/91 90/90/90 109/109/109
f 111/111/111 92/92/92 91/91/91 110/110/110
f 112/112/112 93/93/93 92/92/92 111/111/111
f 113/113/113 94/94/94 93/93/93 112/112/112
f 114/114/114 95/95/95 94/94/94 113/113/113
f 116/116/116 97/97/97 96/96/96 115/115/115
f 117/117/117 98/98/98 97/97/97 116/116/116
f 118/118/118 99/99/99 98/98/98 117/117/117
f 119/119/119 100/100/100 99/99/99 118/118/118
f 120/120/120 101/101/101 100/100/100 119/119/119
f 121/121/121 102/102/102 101/101/101 120/120/120
f 122/122/122 103/103/103 102/102/102 121/121/121
f 123/123/123 104/104/104 103/103/103 122/122/122
f 124/124/124 105/105/105 104/104/104 123/123/123
f 125/125/125 106/106/106 105/105/105 124/124/124
f 126/126/126 107/107/107 106/106/106 125/125/125
f 127/127/127 108/108/108 107/107/107 126/126/126
f 128/128/128 109/109/109 108/108/108 127/127/127
f 129/129/129 110/110/110 109/109/109 128/128/128
f 130/130/130 111/111/111 110/110/110 129/129/129
f 131/131/131 112/112/112 111/111/111 130/130/130
f 132/132/132 113/113/113 112/112/112 131/131/131
f 133/133/133 114/114/114 113/113/113 132/132/132
f 135/135/135 116/116/116 115/115/115 134/134/134
f 136/136/136 117/117/117 116/116/116 135/135/135
f 137/137/137 118/118/118 117/117/117 136/136/136
f 138/138/138 119/119/119 118/118/118 137/137/137
f 139/139/139 120/120/120 119/119/119 138/138/138
f 140/140/140 121/121/121 120/120/120 139/139/139
f 141/141/141 122/122/122 121/121/121 140/140/140
f 142/142/142 123/123/123 122/122/122 141/141/141
f 143/143/143 124/124/124 123/123/123 142/142/142
f 144/144/144 125/125/125 124/124/124 143/143/143
f 145/145/145 126/126/126 125/125/125 144/144/144
f 146/146/146 127/127/127 126/126/126 145/145/145
f 147/147/147 128/128/128 127/127/127 146/146/146
f 148/148/148 129/129/129 128/128/128 147/147/147
f 149/149/149 130/130/130 129/129/129 148/148/148
f 150/150/150 131/131/131 130/130/130 149/149/149
f 151/151/151 132/132/132 131/131/131 150/150/150
f 152/152/152 133/133/133 132/132/132 151/151/151
f 154/154/154 135/135/135 134/134/134 153/153/153
f 155/155/155 136/136/136 135/135/135 154/154/154
f 156/156/156 137/137/137 136/136/136 155/155/155
f 157/157/157 138/138/138 137/137/137 156/156/156
f 158/158/158 139/139/139 138/138/138 157/157/157
f 159/159/159 140/140/140 139/139/139 158/158/158
f 160/160/160 141/141/141 140/140/140 159/159/159
f 161/161/161 142/142/142 141/141/141 160/160/160
f 162/162/162 143/143/143 142/142/142 161/161/161
f 163/163/163 144/144/144 143/143/143 162/162/162
f 164/164/164 145/145/145 144/144/144 163/163/163
f 165/165/165 146/146/146 145/145/145 164/164/164
f 166/166/166 147/147/147 146/146/146 165/165/165
f 167/167/167 148/148/148 147/147/147 166/166/166
f 168/168/168 149/149/149 148/148/148 167/167/167
f 169/169/169 150/150/150 149/149/149 168/168/168
f 170/170/170 151/151/151 150/150/150 169/169/169
f 171/171/171 152/152/152 151/151/151 170/170/170
f 173/173/173 154/154/154 153/153/153 172/172/172
f 174/174/174 155/155/155 154/154/154 173/173/173
f 175/175/175 156/156/156 155/155/155 174/174/174
f 176/176/176 157/157/157 156/156/156 175/175/175
f 177/177/177 158/158/158 157/157/157 176/176/176
f 178/178/178 159/159/159 158/158/158 177/177/177
f 179/179/179 160/160/160 159/159/159 178/178/178
f 180/180/180 161/161/161 160/160/160 179/179/179
f 181/181/181 162/162/162 161/161/161 180/180/180
f 182/182/182 163/163/163 162/162/162 181/181/181
f 183/183/183 164/164/164 163/163/163 182/182/182
f 184/184/184 165/165/165 164/164/164 183/183/183
f 185/185/185 166/166/166 165/165/165 184/184/184
f 186/186/186 167/167/167 166/166/166 185/185/185
f 187/187/187 168/168/168 167/167/167 186/186/186
f 188/188/188 169/169/169 168/168/168 187/187/187
f 189/189/189 170/170/170 169/169/169 188/188/188
f 190/190/190 171/171/171 170/170/170 189/189/189
f 192/192/192 173/173/173 172/172/172 191/191/191
f 193/193/193 174/174/174 173/173/173 192/192/192
f 194/194/194 175/175/175 174/174/174 193/193/193
f 195/195/195 176/176/176 175/175/175 194/194/194
f 196/196/196 177/177/177 176/176/176 195/195/195
f 197/197/197 178/178/178 177/177/177 196/196/196
f 198/198/198 179/179/179 178/178/178 197/197/197
f 199/199/199 180/180/180 179/179/179 198/198/198
f 200/200/200 181/181/181 180/180/180 199/199/199
f 201/201/201 182/182/182 181/181/181 200/200/200
f 202/202/202 183/183/183 182/182/182 201/201/201
f 203/203/203 184/184/184 183/183/183 202/202/202
f 204/204/204 185/185/185 184/184/184 203/203/203
f 205/205/205 186/186/186 185/185/185 204/204/204
f 206/206/206 187/187/187 186/186/186 205/205/205
f 207/207/207 188/188/188 187/187/187 206/206/206
f 208/208/208 189/189/189 188/188/188 207/207/207
f 209/209/209 190/190/190 189/189/189 208/208/208
f 211/211/211 192/192/192 191/191/191 210/210/210
f 212/212/212 193/193/193 192/192/192 211/211/211
f 213/213/213 194/194/194 193/193/193 212/212/212
f 214/214/214 195/195/195 194/194/194 213/213/213
f 215/215/215 196/196/196 195/195/195 214/214/214
f 216/216/216 197/197/197 196/196/196 215/215/215
f 217/217/217 198/198/198 197/197/197 216/216/216
f 218/218/218 199/199/199 198/198/198 217/217/217
f 219/219/219 200/200/200 199/199/199 218/218/218
f 220/220/220 201/201/201 200/200/200 219/219/219
f 221/221/221 202/202/202 201/201/201 220/220/220
f 222/222/222 203/203/203 202/202/202 221/221/221
f 223/223/223 204/204/204 203/203/203 222/222/222
f 224/224/224 205/205/205 204/204/204 223/223/223
f 225/225/225 206/206/206 205/205/205 224/224/224
f 226/226/226 207/207/207 206/206/206 225/225/225
f 227/227/227 208/208/208 207/207/207 226/226/226
f 228/228/228 209/209/209 208/208/208 227/227/227
f 230/230/230 211/211/211 210/210/210 229/229/229
f 231/231/231 212/212/212 211/211/211 230/230/230
f 232/232/232 213/213/213 212/212/212 231/231/231
f 233/233/233 214/214/214 213/213/213 232/232/232
f 234/234/234 215/215/215 214/214/214 233/233/233
f 235/235/235 216/216/216 215/215/215 234/234/234
f 236/236/236 217/217/217 216/216/216 235/235/235
f 237/237/237 218/218/218 217/217/217 236/236/236
f 238/238/238 219/219/219 218/218/218 237/237/237
f 239/239/239 220/220/220 219/219/219 238/238/238
f 240/240/240 221/221/221 220/220/220 239/239/239
f 241/241/241 222/222/222 221/221/221 240/240/240
f 242/242/242 223/223/223 222/222/222 241/241/241
f 243/243/243 224/224/224 223/223/223 242/242/242
f 244/244/244 225/225/225 224/224/224 243/243/243
f 245/245/245 226/226/226 225/225/225 244/244/244
f 246/246/246 227/227/227 226/226/226 245/245/245
f 247/247/247 228/228/228 227/227/227 246/246/246
f 249/249/249 230/230/230 229/229/229 248/248/248
f 250/250/250 231/231/231 230/230/230 249/249/249
f 251/251/251 232/232/232 231/231/231 250/250/250
f 252/252/252 233/233/233 232/232/232 251/251/251
f 253/253/253 234/234/234 233/233/233 252/252/252
f 254/254/254 235/235/235 234/234/234 253/253/253
f 255/255/255 236/236/236 235/235/235 254/254/254
f 256/256/256 237/237/237 236/236/236 255/255/255
f 257/257/257 238/238/238 237/237/237 256/256/256
f 258/258/258 239/239/239 238/238/238 257/257/257
f 259/259/259 240/240/240 239/239/239 258/258/258
f 260/260/260 241/241/241 240/240/240 259/259/259
f 261/261/261 242/242/242 241/241/241 260/260/260
f 262/262/262 243/243/243 242/242/242 261/261/261
f 263/263/263 244/244/244 243/243/243 262/262/262
f 264/264/264 245/245/245 244/244/244 263/263/263
f 265/265/265 246/246/246 245/245/245 264/264/264
f 266/266/266 247/247/247 246/246/246 265/265/265
f 268/268/268 249/249/249 248/248/248 267/267/267
f 269/269/269 250/250/250 249/249/249 268/268/268
f 270/270/270 251/251/251 250/250/250 269/269/269
f 271/271/271 252/252/252 251/251/251 270/270/270
f 272/272/272 253/253/253 252/252/252 271/271/271
f 273/273/273 254/254/254 253/253/253 272/272/272
f 274/274/274 255/255/255 254/254/254 273/273/273
f 275/275/275 256/256/256 255/255/255 274/274/274
f 276/276/276 257/257/257 256/256/256 275/275/275
f 277/277/277 258/258/258 257/257/257 276/276/276
f 278/278/278 259/259/259 258/258/258 277/277/277
f 279/279/279 260/260/260 259/259/259 278/278/278
f 280/280/280 261/261/261 260/260/260 279/279/279
f 281/281/281 262/262/262 261/261/261 280/280/280
f 282/282/282 263/263/263 262/262/262 281/281/281
f 283/283/283 264/264/264 263/263/263 282/282/282
f 284/284/284 265/265/265 264/264/264 283/283/283
f 285/285/285 266/266/266 265/265/265 284/284/284
f 287/287/287 268/268/268 267/267/267 286/286/286
f 288/288/288 269/269/269 268/268/268 287/287/287
f 289/289/289 270/270/270 269/269/269 288/288/288
f 290/290/290 271/271/271 270/270/270 289/289/289
f 291/291/291 272/272/272 271/271/271 290/290/290
f 292/292/292 273/273/273 272/272/272 291/291/291
f 293/293/293 274/274/274 273/273/273 292/292/292
f 294/294/294 275/275/275 274/274/274 293/293/293
f 295/295/295 276/276/276 275/275/275 294/294/294
f 296/296/296 277/277/277 276/276/276 295/295/295
f 297/297/297 278/278/278 277/277/277 296/296/296
f 298/298/298 279/279/279 278/278/278 297/297/297
f 299/299/299 280/280/280 279/279/279 298/298/298
f 300/300/300 281/281/281 280/280/280 299/299/299
f 301/301/301 282/282/282 281/281/281 300/300/300
f 302/302/302 283/283/283 282/282/282 301/301/301
f 303/303/303 284/284/284 283/283/283 302/302/302
f 304/304/304 285/285/285 284/284/284 303/303/303
f 306/306/306 287/287/287 286/286/286 305/305/305
f 307/307/307 288/288/288 287/287/287 306/306/306
f 308/308/308 289/289/289 288/288/288 307/307/307
f 309/309/309 290/290/290 289/289/289 308/308/308
f 310/310/310 291/291/291 290/290/290 309/309/309
f 311/311/311 292/292/292 291/291/291 310/310/310
f 312/312/312 293/293/293 292/292/292 311/311/311
f 313/313/313 294/294/294 293/293/293 312/312/312
f 314/314/314 295/295/295 294/294/294 313/313/313
f 315/315/315 296/296/296 295/295/295 314/314/314
f 316/316/316 297/297/297 296/296/296 315/315/315
f 317/317/317 298/298/298 297/297/297 316/316/316
f 318/318/318 299/299/299 298/298/298 317/317/317
f 319/319/319 300/300/300 299/299/299 318/318/318
f 320/320/320 301/301/301 300/300/300 319/319/319
f 321/321/321 302/302/302 301/301/301 320/320/320
f 322/322/322 303/303/303 302/302/302 321/321/321
f 323/323/323 304/304/304 303/303/303 322/322/322
f 325/325/325 306/306/306 305/305/305 324/324/324
f 326/326/326 307/307/307 306/306/306 325/325/325
f 327/327/327 308/308/308 307/307/307 326/326/326
f 328/328/328 309/309/309 308/308/308 327/327/327
f 329/329/329 310/310/310 309/309/309 328/328/328
f 330/330/330 311/311/311 310/310/310 329/329/329
f 331/331/331 312/312/312 311/311/311 330/330/330
f 332/332/332 313/313/313 312/312/312 331/331/331
f 333/333/333 314/314/314 313/313/313 332/332/332
f 334/334/334 315/315/315 314/314/314 333/333/333
f 335/335/335 316/316/316 315/315/315 334/334/334
f 336/336/336 317/317/317 316/316/316 335/335/335
f 337/337/337 318/318/318 317/317/317 336/336/336
f 338/338/338 319/319/319 318/318/318 337/337/337
f 339/339/339 320/320/320 319/319/319 338/338/338
f 340/340/340 321/321/321 320/320/320 339/339/339
f 341/341/341 322/322/322 321/321/321 340/340/340
f 342/342/342 323/323/323 322/322/322 341/341/341
f 344/344/344 325/325/325 324/324/324 343/343/343
f 345/345/345 326/326/326 325/325/325 344/344/344
f 346/346/346 327/327/327 326/326/326 345/345/345
f 347/347/347 328/328/328 327/327/327 346/346/346
f 348/348/348 329/329/329 328/328/328 347/347/347
f 349/349/349 330/330/330 329/329/329 348/348/348
f 350/350/350 331/331/331 330/330/330 349/349/349
f 351/351/351 332/332/332 331/331/331 350/350/350
f 352/352/352 333/333/333 332/332/332 351/351/351
f 353/353/353 334/334/334 333/333/333 352/352/352
f 354/354/354 335/335/335 334/334/334 353/353/353
f 355/355/355 336/336/336 335/335/335 354/354/354
f 356/356/356 337/337/337 336/336/336 355/355/355
f 357/357/357 338/338/338 337/337/337 356/356/356
f 358/358/358 339/339/339 338/338/338 357/357/357
f 359/359/359 340/340/340 339/339/339 358/358/358
f 360/360/360 341/341/341 340/340/340 359/359/359
f 361/361/361 342/342/342 341/341/341 360/360/360
f 363/363/363 344/344/344 343/343/343 362/362/362
f 364/364/364 345/345/345 344/344/344 363/363/363
f 365/365/365 346/346/346 345/345/345 364/364/364
f 366/366/366 347/347/347 346/346/346 365/365/365
f 367/367/367 348/348/348 347/347/347 366/366/366
f 368/368/368 349/349/349 348/348/348 367/367/367
f 369/369/369 350/350/350 349/349/349 368/368/368
f 370/370/370 351/351/351 350/350/350 369/369/369
f 371/371/371 352/352/352 351/351/351 370/370/370
f 372/372/372 353/353/353 352/352/352 371/371/371
f 373/373/373 354/354/354 353/353/353 372/372/372
f 374/374/374 355/355/355 354/354/354 373/373/373
f 375/375/375 356/356/356 355/355/355 374/374/374
f 376/376/376 357/357/357 356/356/356 375/375/375
f 377/377/377 358/358/358 357/357/357 376/376/376
f 378/378/378 359/359/359 358/358/358 377/377/377
f 379/379/379 360/360/360 359/359/359 378/378/378
f 380/380/380 361/361/361 360/360/360 379/379/379
f 382/382/382 363/363/363 362/362/362 381/381/381
f 383/383/383 364/364/364 363/363/363 382/382/382
f 384/384/384 365/365/365 364/364/364 383/383/383
f 385/385/385 366/366/366 365/365/365 384/384/384
f 386/386/386 367/367/367 366/366/366 385/385/385
f 387/387/387 368/368/368 367/367/367 386/386/386
f 388/388/388 369/369/369 368/368/368 387/387/387
f 389/389/389 370/370/370 369/369/369 388/388/388
f 390/390/390 371/371/371 370/370/370 389/389/389
f 391/391/391 372/372/372 371/371/371 390/390/390
f 392/392/392 373/373/373 372/372/372 391/391/391
f 393/393/393 374/374/374 373/373/373 392/392/392
f 394/394/394 375/375/375 374/374/374 393/393/393
f 395/395/395 376/376/376 375/375/375 394/394/394
f 396/396/396 377/377/377 376/376/376 395/395/395
f 397/397/397 378/378/378 377/377/377 396/396/396
f 398/398/398 379/379/379 378/378/378 397/397/397
f 399/399/399 380/380/380 379/379/379 398/398/398
f 401/401/401 382/382/382 381/381/381 400/400/400
f 402/402/402 383/383/383 382/382/382 401/401/401
f 403/403/403 384/384/384 383/383/383 402/402/402
f 404/404/404 385/385/385 384/384/384 403/403/403
f 405/405/405 386/386/386 385/385/385 404/404/404
f 406/406/406 387/387/387 386/386/386 405/405/405
f 407/407/407 388/388/388 387/387/387 406/406/406
f 408/408/408 389/389/389 388/388/388 407/407/407
f 409/409/409 390/390/390 389/389/389 408/408/408
f 410/410/410 391/391/391 390/390/390 409/409/409
f 411/411/411 392/392/392 391/391/391 410/410/410
f 412/412/412 393/393/393 392/392/392 411/411/411
f 413/413/413 394/394/394 393/393/393 412/412/412
f 414/414/414 395/395/395 394/394/394 413/413/413
f 415/415/415 396/396/396 395/395/395 414/414/414
f 416/416/416 397/397/397 396/396/396 415/415/415
f 417/417/417 398/398/398 397/397/397 416/416/416
f 418/418/418 399/399/399 398/398/398 417/417/417
f 420/420/420 401/401/401 400/400/400 419/419/419
f 421/421/421 402/402/402 401/401/401 420/420/420
f 422/422/422 403/403/403 402/402/402 421/421/421
f 423/423/423 404/404/404 403/403/403 422/422/422
f 424/424/424 405/405/405 404/404/404 423/423/423
f 425/425/425 406/406/406 405/405/405 424/424/424
f 426/426/426 407/407/407 406/406/406 425/425/425
f 427/427/427 408/408/408 407/407/407 426/426/426
f 428/428/428 409/409/409 408/408/408 427/427/427
f 429/429/429 410/410/410 409/409/409 428/428/428
f 430/430/430 411/411/411 410/410/410 429/429/429
f 431/431/431 412/412/412 411/411/411 430/430/430
f 432/432/432 413/413/413 412/412/412 431/431/431
f 433/433/433 414/414/414 413/413/413 432/432/432
f 434/434/434 415/415/415 414/414/414 433/433/433
f 435/435/435 416/416/416 415/415/415 434/434/434
f 436/436/436 417/417/417 416/416/416 435/435/435
f 437/437/437 418/418/418 417/417/417 436/436/436
f 439/439/439 420/420/420 419/419/419 438/438/438
f 440/440/440 421/421/421 420/420/420 439/439/439
f 441/441/441 422/422/422 421/421/421 440/440/440
f 442/442/442 423/423/423 422/422/422 441/441/441
f 443/443/443 424/424/424 423/423/423 442/442/442
f 444/444/444 425/425/425 424/424/424 443/443/443
f 445/445/445 426/426/426 425/425/425 444/444/444
f 446/446/446 427/427/427 426/426/426 445/445/445
f 447/447/447 428/428/428 427/427/427 446/446/446
f 448/448/448 429/429/429 428/428/428 447/447/447
f 449/449/449 430/430/430 429/429/429 448/448/448
f 450/450/450 431/431/431 430/430/430 449/449/449
f 451/451/451 432/432/432 431/431/431 450/450/450
f 452/452/452 433/433/433 432/432/432 451/451/451
f 453/453/453 434/434/434 433/433/433 452/452/452
f 454/454/454 435/435/435 434/434/434 453/453/453
f 455/455/455 436/436/436 435/435/435 454/454/454
f 456/456/456 437/437/437 436/436/436 455/455/455
f 458/458/458 439/439/439 438/438/438 457/457/457
f 459/459/459 440/440/440 439/439/439 458/458/458
f 460/460/460 441/441/441 440/440/440 459/459/459
f 461/461/461 442/442/442 441/441/441 460/460/460
f 462/462/462 443/443/443 442/442/442 461/461/461
f 463/463/463 444/444/444 443/443/443 462/462/462
f 464/464/464 445/445/445 444/444/444 463/463/463
f 465/465/465 446/446/446 445/445/445 464/464/464
f 466/466/466 447/447/447 446/446/446 465/465/465
f 467/467/467 448/448/448 447/447/447 466/466/466
f 468/468/468 449/449/449 448/448/448 467/467/467
f 469/469/469 450/450/450 449/449/449 468/468/468
f 470/470/470 451/451/451 450/450/450 469/469/469
f 471/471/471 452/452/452 451/451/451 470/470/470
f 472/472/472 453/453/453 452/452/452 471/471/471
f 473/473/473 454/454/454 453/453/453 472/472/472
f 474/474/474 455/455/455 454/454/454 473/473/473
f 475/475/475 456/456/456 455/455/455 474/474/474
f 477/477/477 458/458/458 457/457/457 476/476/476
f 478/478/478 459/459/459 458/458/458 477/477/477
f 479/479/479 460/460/460 459/459/459 478/478/478
f 480/480/480 461/461/461 460/460/460 479/479/479
f 481/481/481 462/462/462 461/461/461 480/480/480
f 482/482/482 463/463/463 462/462/462 481/481/481
f 483/483/483 464/464/464 463/463/463 482/482/482
f 484/484/484 465/465/465 464/464/464 483/483/483
f 485/485/485 466/466/466 465/465/465 484/484/484
f 486/486/486 467/467/467 466/466/466 485/485/485
f 487/487/487 468/468/468 467/467/467 486/486/486
f 488/488/488 469/469/469 468/468/468 487/487/487
f 489/489/489 470/470/470 469/469/469 488/488/488
f 490/490/490 471/471/471 470/470/470 489/489/489
f 491/491/491 472/472/472 471/471/471 490/490/490
f 492/492/492 473/473/473 472/472/472 491/491/491
f 493/493/493 474/474/474 473/473/473 492/492/492
f 494/494/494 475/475/475 474/474/474 493/493/493
f 496/496/496 477/477/477 476/476/476 495/495/495
f 497/497/497 478/478/478 477/477/477 496/496/496
f 498/498/498 479/479/479 478/478/478 497/497/497
f 499/499/499 480/480/480 479/479/479 498/498/498
f 500/500/500 481/481/481 480/480/480 499/499/499
f 501/501/501 482/482/482 481/481/481 500/500/500
f 502/502/502 483/483/483 482/482/482 501/501/501
f 503/503/503 484/484/484 483/483/483 502/502/502
f 504/504/504 485/485/485 484/484/484 503/503/503
f 505/505/505 486/486/486 485/485/485 504/504/504
f 506/506/506 487/487/487 486/486/486 505/505/505
f 507/507/507 488/488/488 487/487/487 506/506/506
f 508/508/508 489/489/489 488/488/488 507/507/507
f 509/509/509 490/490/490 489/489/489 508/508/508
f 510/510/510 491/491/491 490/490/490 509/509/509
f 511/511/511 492/492/492 491/491/491 510/510/510
f 512/512/512 493/493/493 492/492/492 511/511/511
f 513/513/513 494/494/494 493/493/493 512/512/512
f 515/515/515 496/496/496 495/495/495 514/514/514
f 516/516/516 497/497/497 496/496/496 515/515/515
f 517/517/517 498/498/498 497/497/497 516/516/516
f 518/518/518 499/499/499 498/498/498 517/517/517
f 519/519/519 500/500/500 499/499/499 518/518/518
f 520/520/520 501/501/501 500/500/500 519/519/519
f 521/521/521 502/502/502 501/501/501 520/520/520
f 522/522/522 503/503/503 502/502/502 521/521/521
f 523/523/523 504/504/504 503/503/503 522/522/522
f 524/524/524 505/505/505 504/504/504 523/523/523
f 525/525/525 506/506/506 505/505/505 524/524/524
f 526/526/526 507/507/507 506/506/506 525/525/525
f 527/527/527 508/508/508 507/507/507 526/526/526
f 528/528/528 509/509/509 508/508/508 527/527/527
f 529/529/529 510/510/510 509/509/509 528/528/528
f 530/530/530 511/511/511 510/510/510 529/529/529
f 531/531/531 512/512/512 511/511/511 530/530/530
f 532/532/532 513/513/513 512/512/512 531/531/531
f 534/534/534 515/515/515 514/514/514 533/533/533
f 535/535/535 516/516/516 515/515/515 534/534/534
f 536/536/536 517/517/517 516/516/516 535/535/535
f 537/537/537 518/518/518 517/517/517 536/536/536
f 538/538/538 519/519/519 518/518/518 537/537/537
f 539/539/539 520/520/520 519/519/519 538/538/538
f 540/540/540 521/521/521 520/520/520 539/539/539
f 541/541/541 522/522/522 521/521/521 540/540/540
f 542/542/542 523/523/523 522/522/522 541/541/541
f 543/543/543 524/524/524 523/523/523 542/542/542
f 544/544/544 525/525/525 524/524/524 543/543/543
f 545/545/545 526/526/526 525/525/525 544/544/544
f 546/546/546 527/527/527 526/526/526 545/545/545
f 547/547/547 528/528/528 527/527/527 546/546/546
f 548/548/548 529/529/529 528/528/528 547/547/547
f 549/549/549 530/530/530 529/529/529 548/548/548
f 550/550/550 531/531/531 530/530/530 549/549/549
f 551/551/551 532/532/532 531/531/531 550/550/550
f 553/553/553 534/534/534 533/533/533 552/552/552
f 554/554/554 535/535/535 534/534/534 553/553/553
f 555/555/555 536/536/536 535/535/535 554/554/554
f 556/556/556 537/537/537 536/536/536 555/555/555
f 557/557/557 538/538/538 537/537/537 556/556/556
f 558/558/558 539/539/539 538/538/538 557/557/557
f 559/559/559 540/540/540 539/539/539 558/558/558
f 560/560/560 541/541/541 540/540/540 559/559/559
f 561/561/561 542/542/542 541/541/541 560/560/560
f 562/562/562 543/543/543 542/542/542 561/561/561
f 563/563/563 544/544/544 543/543/543 562/562/562
f 564/564/564 545/545/545 544/544/544 563/563/563
f 565/565/565 546/546/546 545/545/545 564/564/564
f 566/566/566 547/547/547 546/546/546 565/565/565
f 567/567/567 548/548/548 547/547/547 566/566/566
f 568/568/568 549/549/549 548/548/548 567/567/567
f 569/569/569 550/550/550 549/549/549 568/568/568
f 570/570/570 551/551/551 550/550/550 569/569/569
f 572/572/572 553/553/553 552/552/552 571/571/571
f 573/573/573 554/554/554 553/553/553 572/572/572
f 574/574/574 555/555/555 554/554/554 573/573/573
f 575/575/575 556/556/556 555/555/555 574/574/574
f 576/576/576 557/557/557 556/556/556 575/575/575
f 577/577/577 558/558/558 557/557/557 576/576/576
f 578/578/578 559/559/559 558/558/558 577/577/577
f 579/579/579 560/560/560 559/559/559 578/578/578
f 580/580/580 561/561/561 560/560/560 579/579/579
f 581/581/581 562/562/562 561/561/561 580/580/580
f 582/582/582 563/563/563 562/562/562 581/581/581
f 583/583/583 564/564/564 563/563/563 582/582/582
f 584/584/584 565/565/565 564/564/564 583/583/583
f 585/585/585 566/566/566 565/565/565 584/584/584
f 586/586/586 567/567/567 566/566/566 585/585/585
f 587/587/587 568/568/568 567/567/567 586/586/586
f 588/588/588 569/569/569 568/568/568 587/587/587
f 589/589/589 570/570/570 569/569/569 588/588/588
f 591/591/591 572/572/572 571/571/571 590/590/590
f 592/592/592 573/573/573 572/572/572 591/591/591
f 593/593/593 574/574/574 573/573/573 592/592/592
f 594/594/594 575/575/575 574/574/574 593/593/593
f 595/595/595 576/576/576 575/575/575 594/594/594
f 596/596/596 577/577/577 576/576/576 595/595/595
f 597/597/597 578/578/578 577/577/577 596/596/596
f 598/598/598 579/579/579 578/578/578 597/597/597
f 599/599/599 580/580/580 579/579/579 598/598/598
f 600/600/600 581/581/581 580/580/580 599/599/599
f 601/601/601 582/582/582 581/581/581 600/600/600
f 602/602/602 583/583/583 582/582/582 601/601/601
f 603/603/603 584/584/584 583/583/583 602/602/602
f 604/604/604 585/585/585 584/584/584 603/603/603
f 605/605/605 586/586/586 585/585/585 604/604/604
f 606/606/606 587/587/587 586/586/586 605/605/605
f 607/607/607 588/588/588 587/587/587 606/606/606
f 608/608/608 589/589/589 588/588/588 607/607/607
f 610/610/610 591/591/591 590/590/590 609/609/609
f 611/611/611 592/592/592 591/591/591 610/610/610
f 612/612/612 593/593/593 592/592/592 611/611/611
f 613/613/613 594/594/594 593/593/593 612/612/612
f 614/614/614 595/595/595 594/594/594 613/613/613
f 615/615/615 596/596/596 595/595/595 614/614/614
f 616/616/616 597/597/597 596/596/596 615/615/615
f 617/617/617 598/598/598 597/597/597 616/616/616
f 618/618/618 599/599/599 598/598/598 617/617/617
f 619/619/619 600/600/600 599/599/599 618/618/618
f 620/620/620 601/601/601 600/600/600 619/619/619
f 621/621/621 602/602/602 601/601/601 620/620/620
f 622/622/622 603/603/603 602/602/602 621/621/621
f 623/623/623 604/604/604 603/603/603 622/622/622
f 624/624/624 605/605/605 604/604/604 623/623/623
f 625/625/625 606/606/606 605/605/605 624/624/624
f 626/626/626 607/607/607 606/606/606 625/625/625
f 627/627/627 608/608/608 607/607/607 626/626/626
f 629/629/629 610/610/610 609/609/609 628/628/628
f 630/630/630 611/611/611 610/610/610 629/629/629
f 631/631/631 612/612/612 611/611/611 630/630/630
f 632/632/632 613/613/613 612/612/612 631/631/631
f 633/633/633 614/614/614 613/613/613 632/632/632
f 634/634/634 615/615/615 614/614/614 633/633/633
f 635/635/635 616/616/616 615/615/615 634/634/634
f 636/636/636 617/617/617 616/616/616 635/635/635
f 637/637/637 618/618/618 617/617/617 636/636/636
f 638/638/638 619/619/619 618/618/618 637/637/637
f 639/639/639 620/620/620 619/619/619 638/638/638
f 640/640/640 621/621/621 620/620/620 639/639/639
f 641/641/641 622/622/622 621/621/621 640/640/640
f 642/642/642 623/623/623 622/622/622 641/641/641
f 643/643/643 624/624/624 623/623/623 642/642/642
f 644/644/644 625/625/625 624/624/624 643/643/643
f 645/645/645 626/626/626 625/625/625 644/644/644
f 646/646/646 627/627/627 626/626/626 645/645/645
f 648/648/648 629/629/629 628/628/628 647/647/647
f 649/649/649 630/630/630 629/629/629 648/648/648
f 650/650/650 631/631/631 630/630/630 649/649/649
f 651/651/651 632/632/632 631/631/631 650/650/650
f 652/652/652 633/633/633 632/632/632 651/651/651
f 653/653/653 634/634/634 633/633/633 652/652/652
f 654/654/654 635/635/635 634/634/634 653/653/653
f 655/655/655 636/636/636 635/635/635 654/654/654
f 656/656/656 637/637/637 636/636/636 655/655/655
f 657/657/657 638/638/638 637/637/637 656/656/656
f 658/658/658 639/639/639 638/638/638 657/657/657
f 659/659/659 640/640/640 639/639/639 658/658/658
f 660/660/660 641/641/641 640/640/640 659/659/659
f 661/661/661 642/642/642 641/641/641 660/660/660
f 662/662/662 643/643/643 642/642/642 661/661/661
f 663/663/663 644/644/644 643/643/643 662/662/662
f 664/664/664 645/645/645 644/644/644 663/663/663
f 665/665/665 646/646/646 645/645/645 664/664/664
f 667/667/667 648/648/648 647/647/647 666/666/666
f 668/668/668 649/649/649 648/648/648 667/667/667
f 669/669/669 650/650/650 649/649/649 668/668/668
f 670/670/670 651/651/651 650/650/650 669/669/669
f 671/671/671 652/652/652 651/651/651 670/670/670
f 672/672/672 653/653/653 652/652/652 671/671/671
f 673/673/673 654/654/654 653/653/653 672/672/672
f 674/674/674 655/655/655 654/654/654 673/673/673
f 675/675/675 656/656/656 655/655/655 674/674/674
f 676/676/676 657/657/657 656/656/656 675/675/675
f 677/677/677 658/658/658 657/657/657 676/676/676
f 678/678/678 659/659/659 658/658/658 677/677/677
f 679/679/679 660/660/660 659/659/659 678/678/678
f 680/680/680 661/661/661 660/660/660 679/679/679
f 681/681/681 662/662/662 661/661/661 680/680/680
f 682/682/682 663/663/663 662/662/662 681/681/681
f 683/683/683 664/664/664 663/663/663 682/682/682
f 684/684/684 665/665/665 664/664/664 683/683/683
f 686/686/686 667/667/667 666/666/666 685/685/685
f 687/687/687 668/668/668 667/667/667 686/686/686
f 688/688/688 669/669/669 668/668/668 687/687/687
f 689/689/689 670/670/670 669/669/669 688/688/688
f 690/690/690 671/671/671 670/670/670 689/689/689
f 691/691/691 672/672/672 671/671/671 690/690/690
f 692/692/692 673/673/673 672/672/672 691/691/691
f 693/693/693 674/674/674 673/673/673 692/692/692
f 694/694/694 675/675/675 674/674/674 693/693/693
f 695/695/695 676/676/676 675/675/675 694/694/694
f 696/696/696 677/677/677 676/676/676 695/695/695
f 697/697/697 678/678/678 677/677/677 696/696/696
f 698/698/698 679/679/679 678/678/678 697/697/697
f 699/699/699 680/680/680 679/679/679 698/698/698
f 700/700/700 681/681/681 680/680/680 699/699/699
f 701/701/701 682/682/682 681/681/681 700/700/700
f 702/702/702 683/683/683 682/682/682 701/701/701
f 703/703/703 684/684/684 683/683/683 702/702/702
f 705/705/705 686/686/686 685/685/685 704/704/704
f 706/706/706 687/687/687 686/686/686 705/705/705
f 707/707/707 688/688/688 687/687/687 706/706/706
f 708/708/708 689/689/689 688/688/688 707/707/707
f 709/709/709 690/690/690 689/689/689 708/708/708
f 710/710/710 691/691/691 690/690/690 709/709/709
f 711/711/711 692/692/692 691/691/691 710/710/710
f 712/712/712 693/693/693 692/692/692 711/711/711
f 713/713/713 694/694/694 693/693/693 712/712/712
f 714/714/714 695/695/695 694/694/694 713/713/713
f 715/715/715 696/696/696 695/695/695 714/714/714
f 716/716/716 697/697/697 696/696/696 715/715/715
f 717/717/717 698/698/698 697/697/697 716/716/716
f 718/718/718 699/699/699 698/698/698 717/717/717
f 719/719/719 700/700/700 699/699/699 718/718/718
f 720/720/720 701/701/701 700/700/700 719/719/719
f 721/721/721 702/702/702 701/701/701 720/720/720
f 722/722/722 703/703/703 702/702/702 721/721/721
f 724/724/724 705/705/705 704/704/704 723/723/723
f 725/725/725 706/706/706 705/705/705 724/724/724
f 726/726/726 707/707/707 706/706/706 725/725/725
f 727/727/727 708/708/708 707/707/707 726/726/726
f 728/728/728 709/709/709 708/708/708 727/727/727
f 729/729/729 710/710/710 709/709/709 728/728/728
f 730/730/730 711/711/711 710/710/710 729/729/729
f 731/731/731 712/712/712 711/711/711 730/730/730
f 732/732/732 713/713/713 712/712/712 731/731/731
f 733/733/733 714/714/714 713/713/713 732/732/732
f 734/734/734 715/715/715 714/714/714 733/733/733
f 735/735/735 716/716/716 715/715/715 734/734/734
f 736/736/736 717/717/717 716/716/716 735/735/735
f 737/737/737 718/718/718 717/717/717 736/736/736
f 738/738/738 719/719/719 718/718/718 737/737/737
f 739/739/739 720/720/720 719/719/719 738/738/738
f 740/740/740 721/721/721 720/720/720 739/739/739
f 741/741/741 722/722/722 721/721/721 740/740/740
f 743/743/743 724/724/724 723/723/723 742/742/742
f 744/744/744 725/725/725 724/724/724 743/743/743
f 745/745/745 726/726/726 725/725/725 744/744/744
f 746/746/746 727/727/727 726/726/726 745/745/745
f 747/747/747 728/728/728 727/727/727 746/746/746
f 748/748/748 729/729/729 728/728/728 747/747/747
f 749/749/749 730/730/730 729/729/729 748/748/748
f 750/750/750 731/731/731 730/730/730 749/749/749
f 751/751/751 732/732/732 731/731/731 750/750/750
f 752/752/752 733/733/733 732/732/732 751/751/751
f 753/753/753 734/734/734 733/733/733 752/752/752
f 754/754/754 735/735/735 734/734/734 753/753/753
f 755/755/755 736/736/736 735/735/735 754/754/754
f 756/756/756 737/737/737 736/736/736 755/755/755
f 757/757/757 738/738/738 737/737/737 756/756/756
f 758/758/758 739/739/739 738/738/738 757/757/757
f 759/759/759 740/740/740 739/739/739 758/758/758
f 760/760/760 741/741/741 740/740/740 759/759/759
f 762/762/762 743/743/743 742/742/742 761/761/761
f 763/763/763 744/744/744 743/743/743 762/762/762
f 764/764/764 745/745/745 744/744/744 763/763/763
f 765/765/765 746/746/746 745/745/745 764/764/764
f 766/766/766 747/747/747 746/746/746 765/765/765
f 767/767/767 748/748/748 747/747/747 766/766/766
f 768/768/768 749/749/749 748/748/748 767/767/767
f 769/769/769 750/750/750 749/749/749 768/768/768
f 770/770/770 751/751/751 750/750/750 769/769/769
f 771/771/771 752/752/752 751/751/751 770/770/770
f 772/772/772 753/753/753 752/752/752 771/771/771
f 773/773/773 754/754/754 753/753/753 772/772/772
f 774/774/774 755/755/755 754/754/754 773/773/773
f 775/775/775 756/756/756 755/755/755 774/774/774
f 776/776/776 757/757/757 756/756/756 775/775/775
f 777/777/777 758/758/758 757/757/757 776/776/776
f 778/778/778 759/759/759 758/758/758 777/777/777
f 779/779/779 760/760/760 759/759/759 778/778/778
f 781/781/781 762/762/762 761/761/761 780/780/780
f 782/782/782 763/763/763 762/762/762 781/781/781
f 783/783/783 764/764/764 763/763/763 782/782/782
f 784/784/784 765/765/765 764/764/764 783/783/783
f 785/785/785 766/766/766 765/765/765 784/784/784
f 786/786/786 767/767/767 766/766/766 785/785/785
f 787/787/787 768/768/768 767/767/767 786/786/786
f 788/788/788 769/769/769 768/768/768 787/787/787
f 789/789/789 770/770/770 769/769/769 788/788/788
f 790/790/790 771/771/771 770/770/770 789/789/789
f 791/791/791 772/772/772 771/771/771 790/790/790
f 792/792/792 773/773/773 772/772/772 791/791/791
f 793/793/793 774/774/774 773/773/773 792/792/792
f 794/794/794 775/775/775 774/774/774 793/793/793
f 795/795/795 776/776/776 775/775/775 794/794/794
f 796/796/796 777/777/777 776/776/776 795/795/795
f 797/797/797 778/778/778 777/777/777 796/796/796
f 798/798/798 779/779/779 778/778/778 797/797/797
f 800/800/800 781/781/781 780/780/780 799/799/799
f 801/801/801 782/782/782 781/781/781 800/800/800
f 802/802/802 783/783/783 782/782/782 801/801/801
f 803/803/803 784/784/784 783/783/783 802/802/802
f 804/804/804 785/785/785 784/784/784 803/803/803
f 805/805/805 786/786/786 785/785/785 804/804/804
f 806/806/806 787/787/787 786/786/786 805/805/805
f 807/807/807 788/788/788 787/787/787 806/806/806
f 808/808/808 789/789/789 788/788/788 807/807/807
f 809/809/809 790/790/790 789/789/789 808/808/808
f 810/810/810 791/791/791 790/790/790 809/809/809
f 811/811/811 792/792/792 791/791/791 810/810/810
f 812/812/812 793/793/793 792/792/792 811/811/811
f 813/813/813 794/794/794 793/793/793 812/812/812
f 814/814/814 795/795/795 794/794/794 813/813/813
f 815/815/815 796/796/796 795/795/795 814/814/814
f 816/816/816 797/797/797 796/796/796 815/815/815
f 817/817/817 798/798/798 797/797/797 816/816/816
f 819/819/819 800/800/800 799/799/799 818/818/818
f 820/820/820 801/801/801 800/800/800 819/819/819
f 821/821/821 802/802/802 801/801/801 820/820/820
f 822/822/822 803/803/803 802/802/802 821/821/821
f 823/823/823 804/804/804 803/803/803 822/822/822
f 824/824/824 805/805/805 804/804/804 823/823/823
f 825/825/825 806/806/806 805/805/805 824/824/824
f 826/826/826 807/807/807 806/806/806 825/825/825
f 827/827/827 808/808/808 807/807/807 826/826/826
f 828/828/828 809/809/809 808/808/808 827/827/827
f 829/829/829 810/810/810 809/809/809 828/828/828
f 830/830/830 811/811/811 810/810/810 829/829/829
f 831/831/831 812/812/812 811/811/811 830/830/830
f 832/832/832 813/813/813 812/812/812 831/831/831
f 833/833/833 814/814/814 813/813/813 832/832/832
f 834/834/834 815/815/815 814/814/814 833/833/833
f 835/835/835 816/816/816 815/815/815 834/834/834
f 836/836/836 817/817/817 816/816/816 835/835/835
f 838/838/838 819/819/819 818/818/818 837/837/837
f 839/839/839 820/820/820 819/819/819 838/838/838
f 840/840/840 821/821/821 820/820/820 839/839/839
f 841/841/841 822/822/822 821/821/821 840/840/840
f 842/842/842 823/823/823 822/822/822 841/841/841
f 843/843/843 824/824/824 823/823/823 842/842/842
f 844/844/844 825/825/825 824/824/824 843/843/843
f 845/845/845 826/826/826 825/825/825 844/844/844
f 846/846/846 827/827/827 826/826/826 845/845/845
f 847/847/847 828/828/828 827/827/827 846/846/846
f 848/848/848 829/829/829 828/828/828 847/847/847
f 849/849/849 830/830/830 829/829/829 848/848/848
f 850/850/850 831/831/831 830/830/830 849/849/849
f 851/851/851 832/832/832 831/831/831 850/850/850
f 852/852/852 833/833/833 832/832/832 851/851/851
f 853/853/853 834/834/834 833/833/833 852/852/852
f 854/854/854 835/835/835 834/834/834 853/853/853
f 855/855/855 836/836/836 835/835/835 854/854/854
f 857/857/857 838/838/838 837/837/837 856/856/856
f 858/858/858 839/839/839 838/838/838 857/857/857
f 859/859/859 840/840/840 839/839/839 858/858/858
f 860/860/860 841/841/841 840/840/840 859/859/859
f 861/861/861 842/842/842 841/841/841 860/860/860
f 862/862/862 843/843/843 842/842/842 861/861/861
f 863/863/863 844/844/844 843/843/843 862/862/862
f 864/864/864 845/845/845 844/844/844 863/863/863
f 865/865/865 846/846/846 845/845/845 864/864/864
f 866/866/866 847/847/847 846/846/846 865/865/865
f 867/867/867 848/848/848 847/847/847 866/866/866
f 868/868/868 849/849/849 848/848/848 867/867/867
f 869/869/869 850/850/850 849/849/849 868/868/868
f 870/870/870 851/851/851 850/850/850 869/869/869
f 871/871/871 852/852/852 851/851/851 870/870/870
f 872/872/872 853/853/853 852/852/852 871/871/871
f 873/873/873 854/854/854 853/853/853 872/872/872
f 874/874/874 855/855/855 854/854/854 873/873/873
f 876/876/876 857/857/857 856/856/856 875/875/875
f 877/877/877 858/858/858 857/857/857 876/876/876
f 878/878/878 859/859/859 858/858/858 877/877/877
f 879/879/879 860/860/860 859/859/859 878/878/878
f 880/880/880 861/861/861 860/860/860 879/879/879
f 881/881/881 862/862/862 861/861/861 880/880/880
f 882/882/882 863/863/863 862/862/862 881/881/881
f 883/883/883 864/864/864 863/863/863 882/882/882
f 884/884/884 865/865/865 864/864/864 883/883/883
f 885/885/885 866/866/866 865/865/865 884/884/884
f 886/886/886 867/867/867 866/866/866 885/885/885
f 887/887/887 868/868/868 867/867/867 886/886/886
f 888/888/888 869/869/869 868/868/868 887/887/887
f 889/889/889 870/870/870 869/869/869 888/888/888
f 890/890/890 871/871/871 870/870/870 889/889/889
f 891/891/891 872/872/872 871/871/871 890/890/890
f 892/892/892 873/873/873 872/872/872 891/891/891
f 893/893/893 874/874/874 873/873/873 892/892/892
f 895/895/895 876/876/876 875/875/875 894/894/894
f 896/896/896 877/877/877 876/876/876 895/895/895
f 897/897/897 878/878/878 877/877/877 896/896/896
f 898/898/898 879/879/879 878/878/878 897/897/897
f 899/899/899 880/880/880 879/879/879 898/898/898
f 900/900/900 881/881/881 880/880/880 899/899/899
f 901/901/901 882/882/882 881/881/881 900/900/900
f 902/902/902 883/883/883 882/882/882 901/901/901
f 903/903/903 884/884/884 883/883/883 902/902/902
f 904/904/904 885/885/885 884/884/884 903/903/903
f 905/905/905 886/886/886 885/885/885 904/904/904
f 906/906/906 887/887/887 886/886/886 905/905/905
f 907/907/907 888/888/888 887/887/887 906/906/906
f 908/908/908 889/889/889 888/888/888 907/907/907
f 909/909/909 890/890/890 889/889/889 908/908/908
f 910/910/910 891/891/891 890/890/890 909/909/909
f 911/911/911 892/892/892 891/891/891 910/910/910
f 912/912/912 893/893/893 892/892/892 911/911/911
f 914/914/914 895/895/895 894/894/894 913/913/913
f 915/915/915 896/896/896 895/895/895 914/914/914
f 916/916/916 897/897/897 896/896/896 915/915/915
f 917/917/917 898/898/898 897/897/897 916/916/916
f 918/918/918 899/899/899 898/898/898 917/917/917
f 919/919/919 900/900/900 899/899/899 918/918/918
f 920/920/920 901/901/901 900/900/900 919/919/919
f 921/921/921 902/902/902 901/901/901 920/920/920
f 922/922/922 903/903/903 902/902/902 921/921/921
f 923/923/923 904/904/904 903/903/903 922/922/922
f 924/924/924 905/905/905 904/904/904 923/923/923
f 925/925/925 906/906/906 905/905/905 924/924/924
f 926/926/926 907/907/907 906/906/906 925/925/925
f 927/927/927 908/908/908 907/907/907 926/926/926
f 928/928/928 909/909/909 908/908/908 927/927/927
f 929/929/929 910/910/910 909/909/909 928/928/928
f 930/930/930 911/911/911 910/910/910 929/929/929
f 931/931/931 912/912/912 911/911/911 930/930/930
f 933/933/933 914/914/914 913/913/913 932/932/932
f 934/934/934 915/915/915 914/914/914 933/933/933
f 935/935/935 916/916/916 915/915/915 934/934/934
f 936/936/936 917/917/917 916/916/916 935/935/935
f 937/937/937 918/918/918 917/917/917 936/936/936
f 938/938/938 919/919/919 918/918/918 937/937/937
f 939/939/939 920/920/920 919/919/919 938/938/938
f 940/940/940 921/921/921 920/920/920 939/939/939
f 941/941/941 922/922/922 921/921/921 940/940/940
f 942/942/942 923/923/923 922/922/922 941/941/941
f 943/943/943 924/924/924 923/923/923 942/942/942
f 944/944/944 925/925/925 924/924/924 943/943/943
f 945/945/945 926/926/926 925/925/925 944/944/944
f 946/946/946 927/927/927 926/926/926 945/945/945
f 947/947/947 928/928/928 927/927/927 946/946/946
f 948/948/948 929/929/929 928/928/928 947/947/947
f 949/949/949 930/930/930 929/929/929 948/948/948
f 950/950/950 931/931/931 930/930/930 949/949/949
f 952/952/952 933/933/933 932/932/932 951/951/951
f 953/953/953 934/934/934 933/933/933 952/952/952
f 954/954/954 935/935/935 934/934/934 953/953/953
f 955/955/955 936/936/936 935/935/935 954/954/954
f 956/956/956 937/937/937 936/936/936 955/955/955
f 957/957/957 938/938/938 937/937/937 956/956/956
f 958/958/958 939/939/939 938/938/938 957/957/957
f 959/959/959 940/940/940 939/939/939 958/958/958
f 960/960/960 941/941/941 940/940/940 959/959/959
f 961/961/961 942/942/942 941/941/941 960/960/960
f 962/962/962 943/943/943 942/942/942 961/961/961
f 963/963/963 944/944/944 943/943/943 962/962/962
f 964/964/964 945/945/945 944/944/944 963/963/963
f 965/965/965 946/946/946 945/945/945 964/964/964
f 966/966/966 947/947/947 946/946/946 965/965/965
f 967/967/967 948/948/948 947/947/947 966/966/966
f 968/968/968 949/949/949 948/948/948 967/967/967
f 969/969/969 950/950/950 949/949/949 968/968/968
f 971/971/971 952/952/952 951/951/951 970/970/970
f 972/972/972 953/953/953 952/952/952 971/971/971
f 973/973/973 954/954/954 953/953/953 972/972/972
f 974/974/974 955/955/955 954/954/954 973/973/973
f 975/975/975 956/956/956 955/955/955 974/974/974
f 976/976/976 957/957/957 956/956/956 975/975/975
f 977/977/977 958/958/958 957/957/957 976/976/976
f 978/978/978 959/959/959 958/958/958 977/977/977
f 979/979/979 960/960/960 959/959/959 978/978/978
f 980/980/980 961/961/961 960/960/960 979/979/979
f 981/981/981 962/962/962 961/961/961 980/980/980
f 982/982/982 963/963/963 962/962/962 981/981/981
f 983/983/983 964/964/964 963/963/963 982/982/982
f 984/984/984 965/965/965 964/964/964 983/983/983
f 985/985/985 966/966/966 965/965/965 984/984/984
f 986/986/986 967/967/967 966/966/966 985/985/985
f 987/987/987 968/968/968 967/967/967 986/986/986
f 988/988/988 969/969/969 968/968/968 987/987/987
f 990/990/990 971/971/971 970/970/970 989/989/989
f 991/991/991 972/972/972 971/971/971 990/990/990
f 992/992/992 973/973/973 972/972/972 991/991/991
f 993/993/993 974/974/974 973/973/973 992/992/992
f 994/994/994 975/975/975 974/974/974 993/993/993
f 995/995/995 976/976/976 975/975/975 994/994/994
f 996/996/996 977/977/977 976/976/976 995/995/995
f 997/997/997 978/978/978 977/977/977 996/996/996
f 998/998/998 979/979/979 978/978/978 997/997/997
f 999/999/999 980/980/980 979/979/979 998/998/998
f 1000/1000/1000 981/981/981 980/980/980 999/999/999
f 1001/1001/1001 982/982/982 981/981/981 1000/1000/1000
f 1002/1002/1002 983/983/983 982/982/982 1001/1001/1001
f 1003/1003/1003 984/984/984 983/983/983 1002/1002/1002
f 1004/1004/1004 985/985/985 984/984/984 1003/1003/1003
f 1005/1005/1005 986/986/986 985/985/985 1004/1004/1004
f 1006/1006/1006 987/987/987 986/986/986 1005/1005/1005
f 1007/1007/1007 988/988/988 987/987/987 1006/1006/1006
f 1009/1009/1009 990/990/990 989/989/989 1008/1008/1008
f 1010/1010/1010 991/991/991 990/990/990 1009/1009/1009
f 1011/1011/1011 992/992/992 991/991/991 1010/1010/1010
f 1012/1012/1012 993/993/993 992/992/992 1011/1011/1011
f 1013/1013/1013 994/994/994 993/993/993 1012/1012/1012
f 1014/1014/1014 995/995/995 994/994/994 1013/1013/1013
f 1015/1015/1015 996/996/996 995/995/995 1014/1014/1014
f 1016/1016/1016 997/997/997 996/996/996 1015/1015/1015
f 1017/1017/1017 998/998/998 997/997/997 1016/1016/1016
f 1018/1018/1018 999/999/999 998/998/998 1017/1017/1017
f 1019/1019/1019 1000/1000/1000 999/999/999 1018/1018/1018
f 1020/1020/1020 1001/1001/1001 1000/1000/1000 1019/1019/1019
f 1021/1021/1021 1002/1002/1002 1001/1001/1001 1020/1020/1020
f 1022/1022/1022 1003/1003/1003 1002/1002/1002 1021/1021/1021
f 1023/1023/1023 1004/1004/1004 1003/1003/1003 1022/1022/1022
f 1024/1024/1024 1005/1005/1005 1004/1004/1004 1023/1023/1023
f 1025/1025/1025 1006/1006/1006 1005/1005/1005 1024/1024/1024
f 1026/1026/1026 1007/1007/1007 1006/1006/1006 1025/1025/1025
f 1028/1028/1028 1009/1009/1009 1008/1008/1008 1027/1027/1027
f 1029/1029/1029 1010/1010/1010 1009/1009/1009 1028/1028/1028
f 1030/1030/1030 1011/1011/1011 1010/1010/1010 1029/1029/1029
f 1031/1031/1031 1012/1012/1012 1011/1011/1011 1030/1030/1030
f 1032/1032/1032 1013/1013/1013 1012/1012/1012 1031/1031/1031
f 1033/1033/1033 1014/1014/1014 1013/1013/1013 1032/1032/1032
f 1034/1034/1034 1015/1015/1015 1014/1014/1014 1033/1033/1033
f 1035/1035/1035 1016/1016/1016 1015/1015/1015 1034/1034/1034
f 1036/1036/1036 1017/1017/1017 1016/1016/1016 1035/1035/1035
f 1037/1037/1037 1018/1018/1018 1017/1017/1017 1036/1036/1036
f 1038/1038/1038 1019/1019/1019 1018/1018/1018 1037/1037/1037
f 1039/1039/1039 1020/1020/1020 1019/1019/1019 1038/1038/1038
f 1040/1040/1040 1021/1021/1021 1020/1020/1020 1039/1039/1039
f 1041/1041/1041 1022/1022/1022 1021/1021/1021 1040/1040/1040
f 1042/1042/1042 1023/1023/1023 1022/1022/1022 1041/1041/1041
f 1043/1043/1043 1024/1024/1024 1023/1023/1023 1042/1042/1042
f 1044/1044/1044 1025/1025/1025 1024/1024/1024 1043/1043/1043
f 1045/1045/1045 1026/1026/1026 1025/1025/1025 1044/1044/1044
f 1047/1047/1047 1028/1028/1028 1027/1027/1027 1046/1046/1046
f 1048/1048/1048 1029/1029/1029 1028/1028/1028 1047/1047/1047
f 1049/1049/1049 1030/1030/1030 1029/1029/1029 1048/1048/1048
f 1050/1050/1050 1031/1031/1031 1030/1030/1030 1049/1049/1049
f 1051/1051/1051 1032/1032/1032 1031/1031/1031 1050/1050/1050
f 1052/1052/1052 1033/1033/1033 1032/1032/1032 1051/1051/1051
f 1053/1053/1053 1034/1034/1034 1033/1033/1033 1052/1052/1052
f 1054/1054/1054 1035/1035/1035 1034/1034/1034 1053/1053/1053
f 1055/1055/1055 1036/1036/1036 1035/1035/1035 1054/1054/1054
f 1056/1056/1056 1037/1037/1037 1036/1036/1036 1055/1055/1055
f 1057/1057/1057 1038/1038/1038 1037/1037/1037 1056/1056/1056
f 1058/1058/1058 1039/1039/1039 1038/1038/1038 1057/1057/1057
f 1059/1059/1059 1040/1040/1040 1039/1039/1039 1058/1058/1058
f 1060/1060/1060 1041/1041/1041 1040/1040/1040 1059/1059/1059
f 1061/1061/1061 1042/1042/1042 1041/1041/1041 1060/1060/1060
f 1062/1062/1062 1043/1043/1043 1042/1042/1042 1061/1061/1061
f 1063/1063/1063 1044/1044/1044 1043/1043/1043 1062/1062/1062
f 1064/1064/1064 1045/1045/1045 1044/1044/1044 1063/1063/1063
f 1066/1066/1066 1047/1047/1047 1046/1046/1046 1065/1065/1065
f 1067/1067/1067 1048/1048/1048 1047/1047/1047 1066/1066/1066
f 1068/1068/1068 1049/1049/1049 1048/1048/1048 1067/1067/1067
f 1069/1069/1069 1050/1050/1050 1049/1049/1049 1068/1068/1068
f 1070/1070/1070 1051/1051/1051 1050/1050/1050 1069/1069/1069
f 1071/1071/1071 1052/1052/1052 1051/1051/1051 1070/1070/1070
f 1072/1072/1072 1053/1053/1053 1052/1052/1052 1071/1071/1071
f 1073/1073/1073 1054/1054/1054 1053/1053/1053 1072/1072/1072
f 1074/1074/1074 1055/1055/1055 1054/1054/1054 1073/1073/1073
f 1075/1075/1075 1056/1056/1056 1055/1055/1055 1074/1074/1074
f 1076/1076/1076 1057/1057/1057 1056/1056/1056 1075/1075/1075
f 1077/1077/1077 1058/1058/1058 1057/1057/1057 1076/1076/1076
f 1078/1078/1078 1059/1059/1059 1058/1058/1058 1077/1077/1077
f 1079/1079/1079 1060/1060/1060 1059/1059/1059 1078/1078/1078
f 1080/1080/1080 1061/1061/1061 1060/1060/1060 1079/1079/1079
f 1081/1081/1081 1062/1062/1062 1061/1061/1061 1080/1080/1080
f 1082/1082/1082 1063/1063/1063 1062/1062/1062 1081/1081/1081
f 1083/1083/1083 1064/1064/1064 1063/1063/1063 1082/1082/1082
f 1085/1085/1085 1066/1066/1066 1065/1065/1065 1084/1084/1084
f 1086/1086/1086 1067/1067/1067 1066/1066/1066 1085/1085/1085
f 1087/1087/1087 1068/1068/1068 1067/1067/1067 1086/1086/1086
f 1088/1088/1088 1069/1069/1069 1068/1068/1068 1087/1087/1087
f 1089/1089/1089 1070/1070/1070 1069/1069/1069 1088/1088/1088
f 1090/1090/1090 1071/1071/1071 1070/1070/1070 1089/1089/1089
f 1091/1091/1091 1072/1072/1072 1071/1071/1071 1090/1090/1090
f 1092/1092/1092 1073/1073/1073 1072/1072/1072 1091/1091/1091
f 1093/1093/1093 1074/1074/1074 1073/1073/1073 1092/1092/1092
f 1094/1094/1094 1075/1075/1075 1074/1074/1074 1093/1093/1093
f 1095/1095/1095 1076/1076/1076 1075/1075/1075 1094/1094/1094
f 1096/1096/1096 1077/1077/1077 1076/1076/1076 1095/1095/1095
f 1097/1097/1097 1078/1078/1078 1077/1077/1077 1096/1096/1096
f 1098/1098/1098 1079/1079/1079 1078/1078/1078 1097/1097/1097
f 1099/1099/1099 1080/1080/1080 1079/1079/1079 1098/1098/1098
f 1100/1100/1100 1081/1081/1081 1080/1080/1080 1099/1099/1099
f 1101/1101/1101 1082/1082/1082 1081/1081/1081 1100/1100/1100
f 1102/1102/1102 1083/1083/1083 1082/1082/1082 1101/1101/1101
f 1104/1104/1104 1085/1085/1085 1084/1084/1084 1103/1103/1103
f 1105/1105/1105 1086/1086/1086 1085/1085/1085 1104/1104/1104
f 1106/1106/1106 1087/1087/1087 1086/1086/1086 1105/1105/1105
f 1107/1107/1107 1088/1088/1088 1087/1087/1087 1106/1106/1106
f 1108/1108/1108 1089/1089/1089 1088/1088/1088 1107/1107/1107
f 1109/1109/1109 1090/1090/1090 1089/1089/1089 1108/1108/1108
f 1110/1110/1110 1091/1091/1091 1090/1090/1090 1109/1109/1109
f 1111/1111/1111 1092/1092/1092 1091/1091/1091 1110/1110/1110
f 1112/1112/1112 1093/1093/1093 1092/1092/1092 1111/1111/1111
f 1113/1113/1113 1094/1094/1094 1093/1093/1093 1112/1112/1112
f 1114/1114/1114 1095/1095/1095 1094/1094/1094 1113/1113/1113
f 1115/1115/1115 1096/1096/1096 1095/1095/1095 1114/1114/1114
f 1116/1116/1116 1097/1097/1097 1096/1096/1096 1115/1115/1115
f 1117/1117/1117 1098/1098/1098 1097/1097/1097 1116/1116/1116
f 1118/1118/1118 1099/1099/1099 1098/1098/1098 1117/1117/1117
f 1119/1119/1119 1100/1100/1100 1099/1099/1099 1118/1118/1118
f 1120/1120/1120 1101/1101/1101 1100/1100/1100 1119/1119/1119
f 1121/1121/1121 1102/1102/1102 1101/1101/1101 1120/1120/1120
f 1123/1123/1123 1104/1104/1104 1103/1103/1103 1122/1122/1122
f 1124/1124/1124 1105/1105/1105 1104/1104/1104 1123/1123/1123
f 1125/1125/1125 1106/1106/1106 1105/1105/1105 1124/1124/1124
f 1126/1126/1126 1107/1107/1107 1106/1106/1106 1125/1125/1125
f 1127/1127/1127 1108/1108/1108 1107/1107/1107 1126/1126/1126
f 1128/1128/1128 1109/1109/1109 1108/1108/1108 1127/1127/1127
f 1129/1129/1129 1110/1110/1110 1109/1109/1109 1128/1128/1128
f 1130/1130/1130 1111/1111/1111 1110/1110/1110 1129/1129/1129
f 1131/1131/1131 1112/1112/1112 1111/1111/1111 1130/1130/1130
f 1132/1132/1132 1113/1113/1113 1112/1112/1112 1131/1131/1131
f 1133/1133/1133 1114/1114/1114 1113/1113/1113 1132/1132/1132
f 1134/1134/1134 1115/1115/1115 1114/1114/1114 1133/1133/1133
f 1135/1135/1135 1116/1116/1116 1115/1115/1115 1134/1134/1134
f 1136/1136/1136 1117/1117/1117 1116/1116/1116 1135/1135/1135
f 1137/1137/1137 1118/1118/1118 1117/1117/1117 1136/1136/1136
f 1138/1138/1138 1119/1119/1119 1118/1118/1118 1137/1137/1137
f 1139/1139/1139 1120/1120/1120 1119/1119/1119 1138/1138/1138
f 1140/1140/1140 1121/1121/1121 1120/1120/1120 1139/1139/1139
f 1142/1142/1142 1123/1123/1123 1122/1122/1122 1141/1141/1141
f 1143/1143/1143 1124/1124/1124 1123/1123/1123 1142/1142/1142
f 1144/1144/1144 1125/1125/1125 1124/1124/1124 1143/1143/1143
f 1145/1145/1145 1126/1126/1126 1125/1125/1125 1144/1144/1144
f 1146/1146/1146 1127/1127/1127 1126/1126/1126 1145/1145/1145
f 1147/1147/1147 1128/1128/1128 1127/1127/1127 1146/1146/1146
f 1148/1148/1148 1129/1129/1129 1128/1128/1128 1147/1147/1147
f 1149/1149/1149 1130/1130/1130 1129/1129/1129 1148/1148/1148
f 1150/1150/1150 1131/1131/1131 1130/1130/1130 1149/1149/1149
f 1151/1151/1151 1132/1132/1132 1131/1131/1131 1150/1150/1150
f 1152/1152/1152 1133/1133/1133 1132/1132/1132 1151/1151/1151
f 1153/1153/1153 1134/1134/1134 1133/1133/1133 1152/1152/1152
f 1154/1154/1154 1135/1135/1135 1134/1134/1134 1153/1153/1153
f 1155/1155/1155 1136/1136/1136 1135/1135/1135 1154/1154/1154
f 1156/1156/1156 1137/1137/1137 1136/1136/1136 1155/1155/1155
f 1157/1157/1157 1138/1138/1138 1137/1137/1137 1156/1156/1156
f 1158/1158/1158 1139/1139/1139 1138/1138/1138 1157/1157/1157
f 1159/1159/1159 1140/1140/1140 1139/1139/1139 1158/1158/1158
f 1161/1161/1161 1142/1142/1142 1141/1141/1141 1160/1160/1160
f 1162/1162/1162 1143/1143/1143 1142/1142/1142 1161/1161/1161
f 1163/1163/1163 1144/1144/1144 1143/1143/1143 1162/1162/1162
f 1164/1164/1164 1145/1145/1145 1144/1144/1144 1163/1163/1163
f 1165/1165/1165 1146/1146/1146 1145/1145/1145 1164/1164/1164
f 1166/1166/1166 1147/1147/1147 1146/1146/1146 1165/1165/1165
f 1167/1167/1167 1148/1148/1148 1147/1147/1147 1166/1166/1166
f 1168/1168/1168 1149/1149/1149 1148/1148/1148 1167/1167/1167
f 1169/1169/1169 1150/1150/1150 1149/1149/1149 1168/1168/1168
f 1170/1170/1170 1151/1151/1151 1150/1150/1150 1169/1169/1169
f 1171/1171/1171 1152/1152/1152 1151/1151/1151 1170/1170/1170
f 1172/1172/1172 1153/1153/1153 1152/1152/1152 1171/1171/1171
f 1173/1173/1173 1154/1154/1154 1153/1153/1153 1172/1172/1172
f 1174/1174/1174 1155/1155/1155 1154/1154/1154 1173/1173/1173
f 1175/1175/1175 1156/1156/1156 1155/1155/1155 1174/1174/1174
f 1176/1176/1176 1157/1157/1157 1156/1156/1156 1175/1175/1175
f 1177/1177/1177 1158/1158/1158 1157/1157/1157 1176/1176/1176
f 1178/1178/1178 1159/1159/1159 1158/1158/1158 1177/1177/1177
f 1180/1180/1180 1161/1161/1161 1160/1160/1160 1179/1179/1179
f 1181/1181/1181 1162/1162/1162 1161/1161/1161 1180/1180/1180
f 1182/1182/1182 1163/1163/1163 1162/1162/1162 1181/1181/1181
f 1183/1183/1183 1164/1164/1164 1163/1163/1163 1182/1182/1182
f 1184/1184/1184 1165/1165/1165 1164/1164/1164 1183/1183/1183
f 1185/1185/1185 1166/1166/1166 1165/1165/1165 1184/1184/1184
f 1186/1186/1186 1167/1167/1167 1166/1166/1166 1185/1185/1185
f 1187/1187/1187 1168/1168/1168 1167/1167/1167 1186/1186/1186
f 1188/1188/1188 1169/1169/1169 1168/1168/1168 1187/1187/1187
f 1189/1189/1189 1170/1170/1170 1169/1169/1169 1188/1188/1188
f 1190/1190/1190 1171/1171/1171 1170/1170/1170 1189/1189/1189
f 1191/1191/1191 1172/1172/1172 1171/1171/1171 1190/1190/1190
f 1192/1192/1192 1173/1173/1173 1172/1172/1172 1191/1191/1191
f 1193/1193/1193 1174/1174/1174 1173/1173/1173 1192/1192/1192
f 1194/1194/1194 1175/1175/1175 1174/1174/1174 1193/1193/1193
f 1195/1195/1195 1176/1176/1176 1175/1175/1175 1194/1194/1194
f 1196/1196/1196 1177/1177/1177 1176/1176/1176 1195/1195/1195
f 1197/1197/1197 1178/1178/1178 1177/1177/1177 1196/1196/1196
f 1199/1199/1199 1180/1180/1180 1179/1179/1179 1198/1198/1198
f 1200/1200/1200 1181/1181/1181 1180/1180/1180 1199/1199/1199
f 1201/1201/1201 1182/1182/1182 1181/1181/1181 1200/1200/1200
f 1202/1202/1202 1183/1183/1183 1182/1182/1182 1201/1201/1201
f 1203/1203/1203 1184/1184/1184 1183/1183/1183 1202/1202/1202
f 1204/1204/1204 1185/1185/1185 1184/1184/1184 1203/1203/1203
f 1205/1205/1205 1186/1186/1186 1185/1185/1185 1204/1204/1204
f 1206/1206/1206 1187/1187/1187 1186/1186/1186 1205/1205/1205
f 1207/1207/1207 1188/1188/1188 1187/1187/1187 1206/1206/1206
f 1208/1208/1208 1189/1189/1189 1188/1188/1188 1207/1207/1207
f 1209/1209/1209 1190/1190/1190 1189/1189/1189 1208/1208/1208
f 1210/1210/1210 1191/1191/1191 1190/1190/1190 1209/1209/1209
f 1211/1211/1211 1192/1192/1192 1191/1191/1191 1210/1210/1210
f 1212/1212/1212 1193/1193/1193 1192/1192/1192 1211/1211/1211
f 1213/1213/1213 1194/1194/1194 1193/1193/1193 1212/1212/1212
f 1214/1214/1214 1195/1195/1195 1194/1194/1194 1213/1213/1213
f 1215/1215/1215 1196/1196/1196 1195/1195/1195 1214/1214/1214
f 1216/1216/1216 1197/1197/1197 1196/1196/1196 1215/1215/1215
f 1218/1218/1218 1199/1199/1199 1198/1198/1198 1217/1217/1217
f 1219/1219/1219 1200/1200/1200 1199/1199/1199 1218/1218/1218
f 1220/1220/1220 1201/1201/1201 1200/1200/1200 1219/1219/1219
f 1221/1221/1221 1202/1202/1202 1201/1201/1201 1220/1220/1220
f 1222/1222/1222 1203/1203/1203 1202/1202/1202 1221/1221/1221
f 1223/1223/1223 1204/1204/1204 1203/1203/1203 1222/1222/1222
f 1224/1224/1224 1205/1205/1205 1204/1204/1204 1223/1223/1223
f 1225/1225/1225 1206/1206/1206 1205/1205/1205 1224/1224/1224
f 1226/1226/1226 1207/1207/1207 1206/1206/1206 1225/1225/1225
f 1227/1227/1227 1208/1208/1208 1207/1207/1207 1226/1226/1226
f 1228/1228/1228 1209/1209/1209 1208/1208/1208 1227/1227/1227
f 1229/1229/1229 1210/1210/1210 1209/1209/1209 1228/1228/1228
f 1230/1230/1230 1211/1211/1211 1210/1210/1210 1229/1229/1229
f 1231/1231/1231 1212/1212/1212 1211/1211/1211 1230/1230/1230
f 1232/1232/1232 1213/1213/1213 1212/1212/1212 1231/1231/1231
f 1233/1233/1233 1214/1214/1214 1213/1213/1213 1232/1232/1232
f 1234/1234/1234 1215/1215/1215 1214/1214/1214 1233/1233/1233
f 1235/1235/1235 1216/1216/1216 1215/1215/1215 1234/1234/1234
f 1237/1237/1237 1218/1218/1218 1217/1217/1217 1236/1236/1236
f 1238/1238/1238 1219/1219/1219 1218/1218/1218 1237/1237/1237
f 1239/1239/1239 1220/1220/1220 1219/1219/1219 1238/1238/1238
f 1240/1240/1240 1221/1221/1221 1220/1220/1220 1239/1239/1239
f 1241/1241/1241 1222/1222/1222 1221/1221/1221 1240/1240/1240
f 1242/1242/1242 1223/1223/1223 1222/1222/1222 1241/1241/1241
f 1243/1243/1243 1224/1224/1224 1223/1223/1223 1242/1242/1242
f 1244/1244/1244 1225/1225/1225 1224/1224/1224 1243/1243/1243
f 1245/1245/1245 1226/1226/1226 1225/1225/1225 1244/1244/1244
f 1246/1246/1246 1227/1227/1227 1226/1226/1226 1245/1245/1245
f 1247/1247/1247 1228/1228/1228 1227/1227/1227 1246/1246/1246
f 1248/1248/1248 1229/1229/1229 1228/1228/1228 1247/1247/1247
f 1249/1249/1249 1230/1230/1230 1229/1229/1229 1248/1248/1248
f 1250/1250/1250 1231/1231/1231 1230/1230/1230 1249/1249/1249
f 1251/1251/1251 1232/1232/1232 1231/1231/1231 1250/1250/1250
f 1252/1252/1252 1233/1233/1233 1232/1232/1232 1251/1251/1251
f 1253/1253/1253 1234/1234/1234 1233/1233/1233 1252/1252/1252
f 1254/1254/1254 1235/1235/1235 1234/1234/1234 1253/1253/1253
f 1256/1256/1256 1237/1237/1237 1236/1236/1236 1255/1255/1255
f 1257/1257/1257 1238/1238/1238 1237/1237/1237 1256/1256/1256
f 1258/1258/1258 1239/1239/1239 1238/1238/1238 1257/1257/1257
f 1259/1259/1259 1240/1240/1240 1239/1239/1239 1258/1258/1258
f 1260/1260/1260 1241/1241/1241 1240/1240/1240 1259/1259/1259
f 1261/1261/1261 1242/1242/1242 1241/1241/1241 1260/1260/1260
f 1262/1262/1262 1243/1243/1243 1242/1242/1242 1261/1261/1261
f 1263/1263/1263 1244/1244/1244 1243/1243/1243 1262/1262/1262
f 1264/1264/1264 1245/1245/1245 1244/1244/1244 1263/1263/1263
f 1265/1265/1265 1246/1246/1246 1245/1245/1245 1264/1264/1264
f 1266/1266/1266 1247/1247/1247 1246/1246/1246 1265/1265/1265
f 1267/1267/1267 1248/1248/1248 1247/1247/1247 1266/1266/1266
f 1268/1268/1268 1249/1249/1249 1248/1248/1248 1267/1267/1267
f 1269/1269/1269 1250/1250/1250 1249/1249/1249 1268/1268/1268
f 1270/1270/1270 1251/1251/1251 1250/1250/1250 1269/1269/1269
f 1271/1271/1271 1252/1252/1252 1251/1251/1251 1270/1270/1270
f 1272/1272/1272 1253/1253/1253 1252/1252/1252 1271/1271/1271
f 1273/1273/1273 1254/1254/1254 1253/1253/1253 1272/1272/1272
f 1275/1275/1275 1256/1256/1256 1255/1255/1255 1274/1274/1274
f 1276/1276/1276 1257/1257/1257 1256/1256/1256 1275/1275/1275
f 1277/1277/1277 1258/1258/1258 1257/1257/1257 1276/1276/1276
f 1278/1278/1278 1259/1259/1259 1258/1258/1258 1277/1277/1277
f 1279/1279/1279 1260/1260/1260 1259/1259/1259 1278/1278/1278
f 1280/1280/1280 1261/1261/1261 1260/1260/1260 1279/1279/1279
f 1281/1281/1281 1262/1262/1262 1261/1261/1261 1280/1280/1280
f 1282/1282/1282 1263/1263/1263 1262/1262/1262 1281/1281/1281
f 1283/1283/1283 1264/1264/1264 1263/1263/1263 1282/1282/1282
f 1284/1284/1284 1265/1265/1265 1264/1264/1264 1283/1283/1283
f 1285/1285/1285 1266/1266/1266 1265/1265/1265 1284/1284/1284
f 1286/1286/1286 1267/1267/1267 1266/1266/1266 1285/1285/1285
f 1287/1287/1287 1268/1268/1268 1267/1267/1267 1286/1286/1286
f 1288/1288/1288 1269/1269/1269 1268/1268/1268 1287/1287/1287
f 1289/1289/1289 1270/1270/1270 1269/1269/1269 1288/1288/1288
f 1290/1290/1290 1271/1271/1271 1270/1270/1270 1289/1289/1289
f 1291/1291/1291 1272/1272/1272 1271/1271/1271 1290/1290/1290
f 1292/1292/1292 1273/1273/1273 1272/1272/1272 1291/1291/1291
f 1294/1294/1294 1275/1275/1275 1274/1274/1274 1293/1293/1293
f 1295/1295/1295 1276/1276/1276 1275/1275/1275 1294/1294/1294
f 1296/1296/1296 1277/1277/1277 1276/1276/1276 1295/1295/1295
f 1297/1297/1297 1278/1278/1278 1277/1277/1277 1296/1296/1296
f 1298/1298/1298 1279/1279/1279 1278/1278/1278 1297/1297/1297
f 1299/1299/1299 1280/1280/1280 1279/1279/1279 1298/1298/1298
f 1300/1300/1300 1281/1281/1281 1280/1280/1280 1299/1299/1299
f 1301/1301/1301 1282/1282/1282 1281/1281/1281 1300/1300/1300
f 1302/1302/1302 1283/1283/1283 1282/1282/1282 1301/1301/1301
f 1303/1303/1303 1284/1284/1284 1283/1283/1283 1302/1302/1302
f 1304/1304/1304 1285/1285/1285 1284/1284/1284 1303/1303/1303
f 1305/1305/1305 1286/1286/1286 1285/1285/1285 1304/1304/1304
f 1306/1306/1306 1287/1287/1287 1286/1286/1286 1305/1305/1305
f 1307/1307/1307 1288/1288/1288 1287/1287/1287 1306/1306/1306
f 1308/1308/1308 1289/1289/1289 1288/1288/1288 1307/1307/1307
f 1309/1309/1309 1290/1290/1290 1289/1289/1289 1308/1308/1308
f 1310/1310/1310 1291/1291/1291 1290/1290/1290 1309/1309/1309
f 1311/1311/1311 1292/1292/1292 1291/1291/1291 1310/1310/1310
f 1313/1313/1313 1294/1294/1294 1293/1293/1293 1312/1312/1312
f 1314/1314/1314 1295/1295/1295 1294/1294/1294 1313/1313/1313
f 1315/1315/1315 1296/1296/1296 1295/1295/1295 1314/1314/1314
f 1316/1316/1316 1297/1297/1297 1296/1296/1296 1315/1315/1315
f 1317/1317/1317 1298/1298/1298 1297/1297/1297 1316/1316/1316
f 1318/1318/1318 1299/1299/1299 1298/1298/1298 1317/1317/1317
f 1319/1319/1319 1300/1300/1300 1299/1299/1299 1318/1318/1318
f 1320/1320/1320 1301/1301/1301 1300/1300/1300 1319/1319/1319
f 1321/1321/1321 1302/1302/1302 1301/1301/1301 1320/1320/1320
f 1322/1322/1322 1303/1303/1303 1302/1302/1302 1321/1321/1321
f 1323/1323/1323 1304/1304/1304 1303/1303/1303 1322/1322/1322
f 1324/1324/1324 1305/1305/1305 1304/1304/1304 1323/1323/1323
f 1325/1325/1325 1306/1306/1306 1305/1305/1305 1324/1324/1324
f 1326/1326/1326 1307/1307/1307 1306/1306/1306 1325/1325/1325
f 1327/1327/1327 1308/1308/1308 1307/1307/1307 1326/1326/1326
f 1328/1328/1328 1309/1309/1309 1308/1308/1308 1327/1327/1327
f 1329/1329/1329 1310/1310/1310 1309/1309/1309 1328/1328/1328
f 1330/1330/1330 1311/1311/1311 1310/1310/1310 1329/1329/1329
f 1332/1332/1332 1313/1313/1313 1312/1312/1312 1331/1331/1331
f 1333/1333/1333 1314/1314/1314 1313/1313/1313 1332/1332/1332
f 1334/1334/1334 1315/1315/1315 1314/1314/1314 1333/1333/1333
f 1335/1335/1335 1316/1316/1316 1315/1315/1315 1334/1334/1334
f 1336/1336/1336 1317/1317/1317 1316/1316/1316 1335/1335/1335
f 1337/1337/1337 1318/1318/1318 1317/1317/1317 1336/1336/1336
f 1338/1338/1338 1319/1319/1319 1318/1318/1318 1337/1337/1337
f 1339/1339/1339 1320/1320/1320 1319/1319/1319 1338/1338/1338
f 1340/1340/1340 1321/1321/1321 1320/1320/1320 1339/1339/1339
f 1341/1341/1341 1322/1322/1322 1321/1321/1321 1340/1340/1340
f 1342/1342/1342 1323/1323/1323 1322/1322/1322 1341/1341/1341
f 1343/1343/1343 1324/1324/1324 1323/1323/1323 1342/1342/1342
f 1344/1344/1344 1325/1325/1325 1324/1324/1324 1343/1343/1343
f 1345/1345/1345 1326/1326/1326 1325/1325/1325 1344/1344/1344
f 1346/1346/1346 1327/1327/1327 1326/1326/1326 1345/1345/1345
f 1347/1347/1347 1328/1328/1328 1327/1327/1327 1346/1346/1346
f 1348/1348/1348 1329/1329/1329 1328/1328/1328 1347/1347/1347
f 1349/1349/1349 1330/1330/1330 1329/1329/1329 1348/1348/1348
f 1351/1351/1351 1332/1332/1332 1331/1331/1331 1350/1350/1350
f 1352/1352/1352 1333/1333/1333 1332/1332/1332 1351/1351/1351
f 1353/1353/1353 1334/1334/1334 1333/1333/1333 1352/1352/1352
f 1354/1354/1354 1335/1335/1335 1334/1334/1334 1353/1353/1353
f 1355/1355/1355 1336/1336/1336 1335/1335/1335 1354/1354/1354
f 1356/1356/1356 1337/1337/1337 1336/1336/1336 1355/1355/1355
f 1357/1357/1357 1338/1338/1338 1337/1337/1337 1356/1356/1356
f 1358/1358/1358 1339/1339/1339 1338/1338/1338 1357/1357/1357
f 1359/1359/1359 1340/1340/1340 1339/1339/1339 1358/1358/1358
f 1360/1360/1360 1341/1341/1341 1340/1340/1340 1359/1359/1359
f 1361/1361/1361 1342/1342/1342 1341/1341/1341 1360/1360/1360
f 1362/1362/1362 1343/1343/1343 1342/1342/1342 1361/1361/1361
f 1363/1363/1363 1344/1344/1344 1343/1343/1343 1362/1362/1362
f 1364/1364/1364 1345/1345/1345 1344/1344/1344 1363/1363/1363
f 1365/1365/1365 1346/1346/1346 1345/1345/1345 1364/1364/1364
f 1366/1366/1366 1347/1347/1347 1346/1346/1346 1365/1365/1365
f 1367/1367/1367 1348/1348/1348 1347/1347/1347 1366/1366/1366
f 1368/1368/1368 1349/1349/1349 1348/1348/1348 1367/1367/1367
f 1370/1370/1370 1351/1351/1351 1350/1350/1350 1369/1369/1369
f 1371/1371/1371 1352/1352/1352 1351/1351/1351 1370/1370/1370
f 1372/1372/1372 1353/1353/1353 1352/1352/1352 1371/1371/1371
f 1373/1373/1373 1354/1354/1354 1353/1353/1353 1372/1372/1372
f 1374/1374/1374 1355/1355/1355 1354/1354/1354 1373/1373/1373
f 1375/1375/1375 1356/1356/1356 1355/1355/1355 1374/1374/1374
f 1376/1376/1376 1357/1357/1357 1356/1356/1356 1375/1375/1375
f 1377/1377/1377 1358/1358/1358 1357/1357/1357 1376/1376/1376
f 1378/1378/1378 1359/1359/1359 1358/1358/1358 1377/1377/1377
f 1379/1379/1379 1360/1360/1360 1359/1359/1359 1378/1378/1378
f 1380/1380/1380 1361/1361/1361 1360/1360/1360 1379/1379/1379
f 1381/1381/1381 1362/1362/1362 1361/1361/1361 1380/1380/1380
f 1382/1382/1382 1363/1363/1363 1362/1362/1362 1381/1381/1381
f 1383/1383/1383 1364/1364/1364 1363/1363/1363 1382/1382/1382
f 1384/1384/1384 1365/1365/1365 1364/1364/1364 1383/1383/1383
f 1385/1385/1385 1366/1366/1366 1365/1365/1365 1384/1384/1384
f 1386/1386/1386 1367/1367/1367 1366/1366/1366 1385/1385/1385
f 1387/1387/1387 1368/1368/1368 1367/1367/1367 1386/1386/1386
f 1389/1389/1389 1370/1370/1370 1369/1369/1369 1388/1388/1388
f 1390/1390/1390 1371/1371/1371 1370/1370/1370 1389/1389/1389
f 1391/1391/1391 1372/1372/1372 1371/1371/1371 1390/1390/1390
f 1392/1392/1392 1373/1373/1373 1372/1372/1372 1391/1391/1391
f 1393/1393/1393 1374/1374/1374 1373/1373/1373 1392/1392/1392
f 1394/1394/1394 1375/1375/1375 1374/1374/1374 1393/1393/1393
f 1395/1395/1395 1376/1376/1376 1375/1375/1375 1394/1394/1394
f 1396/1396/1396 1377/1377/1377 1376/1376/1376 1395/1395/1395
f 1397/1397/1397 1378/1378/1378 1377/1377/1377 1396/1396/1396
f 1398/1398/1398 1379/1379/1379 1378/1378/1378 1397/1397/1397
f 1399/1399/1399 1380/1380/1380 1379/1379/1379 1398/1398/1398
f 1400/1400/1400 1381/1381/1381 1380/1380/1380 1399/1399/1399
f 1401/1401/1401 1382/1382/1382 1381/1381/1381 1400/1400/1400
f 1402/1402/1402 1383/1383/1383 1382/1382/1382 1401/1401/1401
f 1403/1403/1403 1384/1384/1384 1383/1383/1383 1402/1402/1402
f 1404/1404/1404 1385/1385/1385 1384/1384/1384 1403/1403/1403
f 1405/1405/1405 1386/1386/1386 1385/1385/1385 1404/1404/1404
f 1406/1406/1406 1387/1387/1387 1386/1386/1386 1405/1405/1405
f 1408/1408/1408 1389/1389/1389 1388/1388/1388 1407/1407/1407
f 1409/1409/1409 1390/1390/1390 1389/1389/1389 1408/1408/1408
f 1410/1410/1410 1391/1391/1391 1390/1390/1390 1409/1409/1409
f 1411/1411/1411 1392/1392/1392 1391/1391/1391 1410/1410/1410
f 1412/1412/1412 1393/1393/1393 1392/1392/1392 1411/1411/1411
f 1413/1413/1413 1394/1394/1394 1393/1393/1393 1412/1412/1412
f 1414/1414/1414 1395/1395/1395 1394/1394/1394 1413/1413/1413
f 1415/1415/1415 1396/1396/1396 1395/1395/1395 1414/1414/1414
f 1416/1416/1416 1397/1397/1397 1396/1396/1396 1415/1415/1415
f 1417/1417/1417 1398/1398/1398 1397/1397/1397 1416/1416/1416
f 1418/1418/1418 1399/1399/1399 1398/1398/1398 1417/1417/1417
f 1419/1419/1419 1400/1400/1400 1399/1399/1399 1418/1418/1418
f 1420/1420/1420 1401/1401/1401 1400/1400/1400 1419/1419/1419
f 1421/1421/1421 1402/1402/1402 1401/1401/1401 1420/1420/1420
f 1422/1422/1422 1403/1403/1403 1402/1402/1402 1421/1421/1421
f 1423/1423/1423 1404/1404/1404 1403/1403/1403 1422/1422/1422
f 1424/1424/1424 1405/1405/1405 1404/1404/1404 1423/1423/1423
f 1425/1425/1425 1406/1406/1406 1405/1405/1405 1424/1424/1424
f 1427/1427/1427 1408/1408/1408 1407/1407/1407 1426/1426/1426
f 1428/1428/1428 1409/1409/1409 1408/1408/1408 1427/1427/1427
f 1429/1429/1429 1410/1410/1410 1409/1409/1409 1428/1428/1428
f 1430/1430/1430 1411/1411/1411 1410/1410/1410 1429/1429/1429
f 1431/1431/1431 1412/1412/1412 1411/1411/1411 1430/1430/1430
f 1432/1432/1432 1413/1413/1413 1412/1412/1412 1431/1431/1431
f 1433/1433/1433 1414/1414/1414 1413/1413/1413 1432/1432/1432
f 1434/1434/1434 1415/1415/1415 1414/1414/1414 1433/1433/1433
f 1435/1435/1435 1416/1416/1416 1415/1415/1415 1434/1434/1434
f 1436/1436/1436 1417/1417/1417 1416/1416/1416 1435/1435/1435
f 1437/1437/1437 1418/1418/1418 1417/1417/1417 1436/1436/1436
f 1438/1438/1438 1419/1419/1419 1418/1418/1418 1437/1437/1437
f 1439/1439/1439 1420/1420/1420 1419/1419/1419 1438/1438/1438
f 1440/1440/1440 1421/1421/1421 1420/1420/1420 1439/1439/1439
f 1441/1441/1441 1422/1422/1422 1421/1421/1421 1440/1440/1440
f 1442/1442/1442 1423/1423/1423 1422/1422/1422 1441/1441/1441
f 1443/1443/1443 1424/1424/1424 1423/1423/1423 1442/1442/1442
f 1444/1444/1444 1425/1425/1425 1424/1424/1424 1443/1443/1443
f 1446/1446/1446 1427/1427/1427 1426/1426/1426 1445/1445/1445
f 1447/1447/1447 1428/1428/1428 1427/1427/1427 1446/1446/1446
f 1448/1448/1448 1429/1429/1429 1428/1428/1428 1447/1447/1447
f 1449/1449/1449 1430/1430/1430 1429/1429/1429 1448/1448/1448
f 1450/1450/1450 1431/1431/1431 1430/1430/1430 1449/1449/1449
f 1451/1451/1451 1432/1432/1432 1431/1431/1431 1450/1450/1450
f 1452/1452/1452 1433/1433/1433 1432/1432/1432 1451/1451/1451
f 1453/1453/1453 1434/1434/1434 1433/1433/1433 1452/1452/1452
f 1454/1454/1454 1435/1435/1435 1434/1434/1434 1453/1453/1453
f 1455/1455/1455 1436/1436/1436 1435/1435/1435 1454/1454/1454
f 1456/1456/1456 1437/1437/1437 1436/1436/1436 1455/1455/1455
f 1457/1457/1457 1438/1438/1438 1437/1437/1437 1456/1456/1456
f 1458/1458/1458 1439/1439/1439 1438/1438/1438 1457/1457/1457
f 1459/1459/1459 1440/1440/1440 1439/1439/1439 1458/1458/1458
f 1460/1460/1460 1441/1441/1441 1440/1440/1440 1459/1459/1459
f 1461/1461/1461 1442/1442/1442 1441/1441/1441 1460/1460/1460
f 1462/1462/1462 1443/1443/1443 1442/1442/1442 1461/1461/1461
f 1463/1463/1463 1444/1444/1444 1443/1443/1443 1462/1462/1462
f 1465/1465/1465 1446/1446/1446 1445/1445/1445 1464/1464/1464
f 1466/1466/1466 1447/1447/1447 1446/1446/1446 1465/1465/1465
f 1467/1467/1467 1448/1448/1448 1447/1447/1447 1466/1466/1466
f 1468/1468/1468 1449/1449/1449 1448/1448/1448 1467/1467/1467
f 1469/1469/1469 1450/1450/1450 1449/1449/1449 1468/1468/1468
f 1470/1470/1470 1451/1451/1451 1450/1450/1450 1469/1469/1469
f 1471/1471/1471 1452/1452/1452 1451/1451/1451 1470/1470/1470
f 1472/1472/1472 1453/1453/1453 1452/1452/1452 1471/1471/1471
f 1473/1473/1473 1454/1454/1454 1453/1453/1453 1472/1472/1472
f 1474/1474/1474 1455/1455/1455 1454/1454/1454 1473/1473/1473
f 1475/1475/1475 1456/1456/1456 1455/1455/1455 1474/1474/1474
f 1476/1476/1476 1457/1457/1457 1456/1456/1456 1475/1475/1475
f 1477/1477/1477 1458/1458/1458 1457/1457/1457 1476/1476/1476
f 1478/1478/1478 1459/1459/1459 1458/1458/1458 1477/1477/1477
f 1479/1479/1479 1460/1460/1460 1459/1459/1459 1478/1478/1478
f 1480/1480/1480 1461/1461/1461 1460/1460/1460 1479/1479/1479
f 1481/1481/1481 1462/1462/1462 1461/1461/1461 1480/1480/1480
f 1482/1482/1482 1463/1463/1463 1462/1462/1462 1481/1481/1481
f 1484/1484/1484 1465/1465/1465 1464/1464/1464 1483/1483/1483
f 1485/1485/1485 1466/1466/1466 1465/1465/1465 1484/1484/1484
f 1486/1486/1486 1467/1467/1467 1466/1466/1466 1485/1485/1485
f 1487/1487/1487 1468/1468/1468 1467/1467/1467 1486/1486/1486
f 1488/1488/1488 1469/1469/1469 1468/1468/1468 1487/1487/1487
f 1489/1489/1489 1470/1470/1470 1469/1469/1469 1488/1488/1488
f 1490/1490/1490 1471/1471/1471 1470/1470/1470 1489/1489/1489
f 1491/1491/1491 1472/1472/1472 1471/1471/1471 1490/1490/1490
f 1492/1492/1492 1473/1473/1473 1472/1472/1472 1491/1491/1491
f 1493/1493/1493 1474/1474/1474 1473/1473/1473 1492/1492/1492
f 1494/1494/1494 1475/1475/1475 1474/1474/1474 1493/1493/1493
f 1495/1495/1495 1476/1476/1476 1475/1475/1475 1494/1494/1494
f 1496/1496/1496 1477/1477/1477 1476/1476/1476 1495/1495/1495
f 1497/1497/1497 1478/1478/1478 1477/1477/1477 1496/1496/1496
f 1498/1498/1498 1479/1479/1479 1478/1478/1478 1497/1497/1497
f 1499/1499/1499 1480/1480/1480 1479/1479/1479 1498/1498/1498
f 1500/1500/1500 1481/1481/1481 1480/1480/1480 1499/1499/1499
f 1501/1501/1501 1482/1482/1482 1481/1481/1481 1500/1500/1500
f 1503/1503/1503 1484/1484/1484 1483/1483/1483 1502/1502/1502
f 1504/1504/1504 1485/1485/1485 1484/1484/1484 1503/1503/1503
f 1505/1505/1505 1486/1486/1486 1485/1485/1485 1504/1504/1504
f 1506/1506/1506 1487/1487/1487 1486/1486/1486 1505/1505/1505
f 1507/1507/1507 1488/1488/1488 1487/1487/1487 1506/1506/1506
f 1508/1508/1508 1489/1489/1489 1488/1488/1488 1507/1507/1507
f 1509/1509/1509 1490/1490/1490 1489/1489/1489 1508/1508/1508
f 1510/1510/1510 1491/1491/1491 1490/1490/1490 1509/1509/1509
f 1511/1511/1511 1492/1492/1492 1491/1491/1491 1510/1510/1510
f 1512/1512/1512 1493/1493/1493 1492/1492/1492 1511/1511/1511
f 1513/1513/1513 1494/1494/1494 1493/1493/1493 1512/1512/1512
f 1514/1514/1514 1495/1495/1495 1494/1494/1494 1513/1513/1513
f 1515/1515/1515 1496/1496/1496 1495/1495/1495 1514/1514/1514
f 1516/1516/1516 1497/1497/1497 1496/1496/1496 1515/1515/1515
f 1517/1517/1517 1498/1498/1498 1497/1497/1497 1516/1516/1516
f 1518/1518/1518 1499/1499/1499 1498/1498/1498 1517/1517/1517
f 1519/1519/1519 1500/1500/1500 1499/1499/1499 1518/1518/1518
f 1520/1520/1520 1501/1501/1501 1500/1500/1500 1519/1519/1519
f 1522/1522/1522 1503/1503/1503 1502/1502/1502 1521/1521/1521
f 1523/1523/1523 1504/1504/1504 1503/1503/1503 1522/1522/1522
f 1524/1524/1524 1505/1505/1505 1504/1504/1504 1523/1523/1523
f 1525/1525/1525 1506/1506/1506 1505/1505/1505 1524/1524/1524
f 1526/1526/1526 1507/1507/1507 1506/1506/1506 1525/1525/1525
f 1527/1527/1527 1508/1508/1508 1507/1507/1507 1526/1526/1526
f 1528/1528/1528 1509/1509/1509 1508/1508/1508 1527/1527/1527
f 1529/1529/1529 1510/1510/1510 1509/1509/1509 1528/1528/1528
f 1530/1530/1530 1511/1511/1511 1510/1510/1510 1529/1529/1529
f 1531/1531/1531 1512/1512/1512 1511/1511/1511 1530/1530/1530
f 1532/1532/1532 1513/1513/1513 1512/1512/1512 1531/1531/1531
f 1533/1533/1533 1514/1514/1514 1513/1513/1513 1532/1532/1532
f 1534/1534/1534 1515/1515/1515 1514/1514/1514 1533/1533/1533
f 1535/1535/1535 1516/1516/1516 1515/1515/1515 1534/1534/1534
f 1536/1536/1536 1517/1517/1517 1516/1516/1516 1535/1535/1535
f 1537/1537/1537 1518/1518/1518 1517/1517/1517 1536/1536/1536
f 1538/1538/1538 1519/1519/1519 1518/1518/1518 1537/1537/1537
f 1539/1539/1539 1520/1520/1520 1519/1519/1519 1538/1538/1538
f 1541/1541/1541 1522/1522/1522 1521/1521/1521 1540/1540/1540
f 1542/1542/1542 1523/1523/1523 1522/1522/1522 1541/1541/1541
f 1543/1543/1543 1524/1524/1524 1523/1523/1523 1542/1542/1542
f 1544/1544/1544 1525/1525/1525 1524/1524/1524 1543/1543/1543
f 1545/1545/1545 1526/1526/1526 1525/1525/1525 1544/1544/1544
f 1546/1546/1546 1527/1527/1527 1526/1526/1526 1545/1545/1545
f 1547/1547/1547 1528/1528/1528 1527/1527/1527 1546/1546/1546
f 1548/1548/1548 1529/1529/1529 1528/1528/1528 1547/1547/1547
f 1549/1549/1549 1530/1530/1530 1529/1529/1529 1548/1548/1548
f 1550/1550/1550 1531/1531/1531 1530/1530/1530 1549/1549/1549
f 1551/1551/1551 1532/1532/1532 1531/1531/1531 1550/1550/1550
f 1552/1552/1552 1533/1533/1533 1532/1532/1532 1551/1551/1551
f 1553/1553/1553 1534/1534/1534 1533/1533/1533 1552/1552/1552
f 1554/1554/1554 1535/1535/1535 1534/1534/1534 1553/1553/1553
f 1555/1555/1555 1536/1536/1536 1535/1535/1535 1554/1554/1554
f 1556/1556/1556 1537/1537/1537 1536/1536/1536 1555/1555/1555
f 1557/1557/1557 1538/1538/1538 1537/1537/1537 1556/1556/1556
f 1558/1558/1558 1539/1539/1539 1538/1538/1538 1557/1557/1557
f 1560/1560/1560 1541/1541/1541 1540/1540/1540 1559/1559/1559
f 1561/1561/1561 1542/1542/1542 1541/1541/1541 1560/1560/1560
f 1562/1562/1562 1543/1543/1543 1542/1542/1542 1561/1561/1561
f 1563/1563/1563 1544/1544/1544 1543/1543/1543 1562/1562/1562
f 1564/1564/1564 1545/1545/1545 1544/1544/1544 1563/1563/1563
f 1565/1565/1565 1546/1546/1546 1545/1545/1545 1564/1564/1564
f 1566/1566/1566 1547/1547/1547 1546/1546/1546 1565/1565/1565
f 1567/1567/1567 1548/1548/1548 1547/1547/1547 1566/1566/1566
f 1568/1568/1568 1549/1549/1549 1548/1548/1548 1567/1567/1567
f 1569/1569/1569 1550/1550/1550 1549/1549/1549 1568/1568/1568
f 1570/1570/1570 1551/1551/1551 1550/1550/1550 1569/1569/1569
f 1571/1571/1571 1552/1552/1552 1551/1551/1551 1570/1570/1570
f 1572/1572/1572 1553/1553/1553 1552/1552/1552 1571/1571/1571
f 1573/1573/1573 1554/1554/1554 1553/1553/1553 1572/1572/1572
f 1574/1574/1574 1555/1555/1555 1554/1554/1554 1573/1573/1573
f 1575/1575/1575 1556/1556/1556 1555/1555/1555 1574/1574/1574
f 1576/1576/1576 1557/1557/1557 1556/1556/1556 1575/1575/1575
f 1577/1577/1577 1558/1558/1558 1557/1557/1557 1576/1576/1576
f 1579/1579/1579 1560/1560/1560 1559/1559/1559 1578/1578/1578
f 1580/1580/1580 1561/1561/1561 1560/1560/1560 1579/1579/1579
f 1581/1581/1581 1562/1562/1562 1561/1561/1561 1580/1580/1580
f 1582/1582/1582 1563/1563/1563 1562/1562/1562 1581/1581/1581
f 1583/1583/1583 1564/1564/1564 1563/1563/1563 1582/1582/1582
f 1584/1584/1584 1565/1565/1565 1564/1564/1564 1583/1583/1583
f 1585/1585/1585 1566/1566/1566 1565/1565/1565 1584/1584/1584
f 1586/1586/1586 1567/1567/1567 1566/1566/1566 1585/1585/1585
f 1587/1587/1587 1568/1568/1568 1567/1567/1567 1586/1586/1586
f 1588/1588/1588 1569/1569/1569 1568/1568/1568 1587/1587/1587
f 1589/1589/1589 1570/1570/1570 1569/1569/1569 1588/1588/1588
f 1590/1590/1590 1571/1571/1571 1570/1570/1570 1589/1589/1589
f 1591/1591/1591 1572/1572/1572 1571/1571/1571 1590/1590/1590
f 1592/1592/1592 1573/1573/1573 1572/1572/1572 1591/1591/1591
f 1593/1593/1593 1574/1574/1574 1573/1573/1573 1592/1592/1592
f 1594/1594/1594 1575/1575/1575 1574/1574/1574 1593/1593/1593
f 1595/1595/1595 1576/1576/1576 1575/1575/1575 1594/1594/1594
f 1596/1596/1596 1577/1577/1577 1576/1576/1576 1595/1595/1595
f 1598/1598/1598 1579/1579/1579 1578/1578/1578 1597/1597/1597
f 1599/1599/1599 1580/1580/1580 1579/1579/1579 1598/1598/1598
f 1600/1600/1600 1581/1581/1581 1580/1580/1580 1599/1599/1599
f 1601/1601/1601 1582/1582/1582 1581/1581/1581 1600/1600/1600
f 1602/1602/1602 1583/1583/1583 1582/1582/1582 1601/1601/1601
f 1603/1603/1603 1584/1584/1584 1583/1583/1583 1602/1602/1602
f 1604/1604/1604 1585/1585/1585 1584/1584/1584 1603/1603/1603
f 1605/1605/1605 1586/1586/1586 1585/1585/1585 1604/1604/1604
f 1606/1606/1606 1587/1587/1587 1586/1586/1586 1605/1605/1605
f 1607/1607/1607 1588/1588/1588 1587/1587/1587 1606/1606/1606
f 1608/1608/1608 1589/1589/1589 1588/1588/1588 1607/1607/1607
f 1609/1609/1609 1590/1590/1590 1589/1589/1589 1608/1608/1608
f 1610/1610/1610 1591/1591/1591 1590/1590/1590 1609/1609/1609
f 1611/1611/1611 1592/1592/1592 1591/1591/1591 1610/1610/1610
f 1612/1612/1612 1593/1593/1593 1592/1592/1592 1611/1611/1611
f 1613/1613/1613 1594/1594/1594 1593/1593/1593 1612/1612/1612
f 1614/1614/1614 1595/1595/1595 1594/1594/1594 1613/1613/1613
f 1615/1615/1615 1596/1596/1596 1595/1595/1595 1614/1614/1614
f 1617/1617/1617 1598/1598/1598 1597/1597/1597 1616/1616/1616
f 1618/1618/1618 1599/1599/1599 1598/1598/1598 1617/1617/1617
f 1619/1619/1619 1600/1600/1600 1599/1599/1599 1618/1618/1618
f 1620/1620/1620 1601/1601/1601 1600/1600/1600 1619/1619/1619
f 1621/1621/1621 1602/1602/1602 1601/1601/1601 1620/1620/1620
f 1622/1622/1622 1603/1603/1603 1602/1602/1602 1621/1621/1621
f 1623/1623/1623 1604/1604/1604 1603/1603/1603 1622/1622/1622
f 1624/1624/1624 1605/1605/1605 1604/1604/1604 1623/1623/1623
f 1625/1625/1625 1606/1606/1606 1605/1605/1605 1624/1624/1624
f 1626/1626/1626 1607/1607/1607 1606/1606/1606 1625/1625/1625
f 1627/1627/1627 1608/1608/1608 1607/1607/1607 1626/1626/1626
f 1628/1628/1628 1609/1609/1609 1608/1608/1608 1627/1627/1627
f 1629/1629/1629 1610/1610/1610 1609/1609/1609 1628/1628/1628
f 1630/1630/1630 1611/1611/1611 1610/1610/1610 1629/1629/1629
f 1631/1631/1631 1612/1612/1612 1611/1611/1611 1630/1630/1630
f 1632/1632/1632 1613/1613/1613 1612/1612/1612 1631/1631/1631
f 1633/1633/1633 1614/1614/1614 1613/1613/1613 1632/1632/1632
f 1634/1634/1634 1615/1615/1615 1614/1614/1614 1633/1633/1633
f 1636/1636/1636 1617/1617/1617 1616/1616/1616 1635/1635/1635
f 1637/1637/1637 1618/1618/1618 1617/1617/1617 1636/1636/1636
f 1638/1638/1638 1619/1619/1619 1618/1618/1618 1637/1637/1637
f 1639/1639/1639 1620/1620/1620 1619/1619/1619 1638/1638/1638
f 1640/1640/1640 1621/1621/1621 1620/1620/1620 1639/1639/1639
f 1641/1641/1641 1622/1622/1622 1621/1621/1621 1640/1640/1640
f 1642/1642/1642 1623/1623/1623 1622/1622/1622 1641/1641/1641
f 1643/1643/1643 1624/1624/1624 1623/1623/1623 1642/1642/1642
f 1644/1644/1644 1625/1625/1625 1624/1624/1624 1643/1643/1643
f 1645/1645/1645 1626/1626/1626 1625/1625/1625 1644/1644/1644
f 1646/1646/1646 1627/1627/1627 1626/1626/1626 1645/1645/1645
f 1647/1647/1647 1628/1628/1628 1627/1627/1627 1646/1646/1646
f 1648/1648/1648 1629/1629/1629 1628/1628/1628 1647/1647/1647
f 1649/1649/1649 1630/1630/1630 1629/1629/1629 1648/1648/1648
f 1650/1650/1650 1631/1631/1631 1630/1630/1630 1649/1649/1649
f 1651/1651/1651 1632/1632/1632 1631/1631/1631 1650/1650/1650
f 1652/1652/1652 1633/1633/1633 1632/1632/1632 1651/1651/1651
f 1653/1653/1653 1634/1634/1634 1633/1633/1633 1652/1652/1652
f 1655/1655/1655 1636/1636/1636 1635/1635/1635 1654/1654/1654
f 1656/1656/1656 1637/1637/1637 1636/1636/1636 1655/1655/1655
f 1657/1657/1657 1638/1638/1638 1637/1637/1637 1656/1656/1656
f 1658/1658/1658 1639/1639/1639 1638/1638/1638 1657/1657/1657
f 1659/1659/1659 1640/1640/1640 1639/1639/1639 1658/1658/1658
f 1660/1660/1660 1641/1641/1641 1640/1640/1640 1659/1659/1659
f 1661/1661/1661 1642/1642/1642 1641/1641/1641 1660/1660/1660
f 1662/1662/1662 1643/1643/1643 1642/1642/1642 1661/1661/1661
f 1663/1663/1663 1644/1644/1644 1643/1643/1643 1662/1662/1662
f 1664/1664/1664 1645/1645/1645 1644/1644/1644 1663/1663/1663
f 1665/1665/1665 1646/1646/1646 1645/1645/1645 1664/1664/1664
f 1666/1666/1666 1647/1647/1647 1646/1646/1646 1665/1665/1665
f 1667/1667/1667 1648/1648/1648 1647/1647/1647 1666/1666/1666
f 1668/1668/1668 1649/1649/1649 1648/1648/1648 1667/1667/1667
f 1669/1669/1669 1650/1650/1650 1649/1649/1649 1668/1668/1668
f 1670/1670/1670 1651/1651/1651 1650/1650/1650 1669/1669/1669
f 1671/1671/1671 1652/1652/1652 1651/1651/1651 1670/1670/1670
f 1672/1672/1672 1653/1653/1653 1652/1652/1652 1671/1671/1671
f 1674/1674/1674 1655/1655/1655 1654/1654/1654 1673/1673/1673
f 1675/1675/1675 1656/1656/1656 1655/1655/1655 1674/1674/1674
f 1676/1676/1676 1657/1657/1657 1656/1656/1656 1675/1675/1675
f 1677/1677/1677 1658/1658/1658 1657/1657/1657 1676/1676/1676
f 1678/1678/1678 1659/1659/1659 1658/1658/1658 1677/1677/1677
f 1679/1679/1679 1660/1660/1660 1659/1659/1659 1678/1678/1678
f 1680/1680/1680 1661/1661/1661 1660/1660/1660 1679/1679/1679
f 1681/1681/1681 1662/1662/1662 1661/1661/1661 1680/1680/1680
f 1682/1682/1682 1663/1663/1663 1662/1662/1662 1681/1681/1681
f 1683/1683/1683 1664/1664/1664 1663/1663/1663 1682/1682/1682
f 1684/1684/1684 1665/1665/1665 1664/1664/1664 1683/1683/1683
f 1685/1685/1685 1666/1666/1666 1665/1665/1665 1684/1684/1684
f 1686/1686/1686 1667/1667/1667 1666/1666/1666 1685/1685/1685
f 1687/1687/1687 1668/1668/1668 1667/1667/1667 1686/1686/1686
f 1688/1688/1688 1669/1669/1669 1668/1668/1668 1687/1687/1687
f 1689/1689/1689 1670/1670/1670 1669/1669/1669 1688/1688/1688
f 1690/1690/1690 1671/1671/1671 1670/1670/1670 1689/1689/1689
f 1691/1691/1691 1672/1672/1672 1671/1671/1671 1690/1690/1690
f 1693/1693/1693 1674/1674/1674 1673/1673/1673 1692/1692/1692
f 1694/1694/1694 1675/1675/1675 1674/1674/1674 1693/1693/1693
f 1695/1695/1695 1676/1676/1676 1675/1675/1675 1694/1694/1694
f 1696/1696/1696 1677/1677/1677 1676/1676/1676 1695/1695/1695
f 1697/1697/1697 1678/1678/1678 1677/1677/1677 1696/1696/1696
f 1698/1698/1698 1679/1679/1679 1678/1678/1678 1697/1697/1697
f 1699/1699/1699 1680/1680/1680 1679/1679/1679 1698/1698/1698
f 1700/1700/1700 1681/1681/1681 1680/1680/1680 1699/1699/1699
f 1701/1701/1701 1682/1682/1682 1681/1681/1681 1700/1700/1700
f 1702/1702/1702 1683/1683/1683 1682/1682/1682 1701/1701/1701
f 1703/1703/1703 1684/1684/1684 1683/1683/1683 1702/1702/1702
f 1704/1704/1704 1685/1685/1685 1684/1684/1684 1703/1703/1703
f 1705/1705/1705 1686/1686/1686 1685/1685/1685 1704/1704/1704
f 1706/1706/1706 1687/1687/1687 1686/1686/1686 1705/1705/1705
f 1707/1707/1707 1688/1688/1688 1687/1687/1687 1706/1706/1706
f 1708/1708/1708 1689/1689/1689 1688/1688/1688 1707/1707/1707
f 1709/1709/1709 1690/1690/1690 1689/1689/1689 1708/1708/1708
f 1710/1710/1710 1691/1691/1691 1690/1690/1690 1709/1709/1709
f 1712/1712/1712 1693/1693/1693 1692/1692/1692 1711/1711/1711
f 1713/1713/1713 1694/1694/1694 1693/1693/1693 1712/1712/1712
f 1714/1714/1714 1695/1695/1695 1694/1694/1694 1713/1713/1713
f 1715/1715/1715 1696/1696/1696 1695/1695/1695 1714/1714/1714
f 1716/1716/1716 1697/1697/1697 1696/1696/1696 1715/1715/1715
f 1717/1717/1717 1698/1698/1698 1697/1697/1697 1716/1716/1716
f 1718/1718/1718 1699/1699/1699 1698/1698/1698 1717/1717/1717
f 1719/1719/1719 1700/1700/1700 1699/1699/1699 1718/1718/1718
f 1720/1720/1720 1701/1701/1701 1700/1700/1700 1719/1719/1719
f 1721/1721/1721 1702/1702/1702 1701/1701/1701 1720/1720/1720
f 1722/1722/1722 1703/1703/1703 1702/1702/1702 1721/1721/1721
f 1723/1723/1723 1704/1704/1704 1703/1703/1703 1722/1722/1722
f 1724/1724/1724 1705/1705/1705 1704/1704/1704 1723/1723/1723
f 1725/1725/1725 1706/1706/1706 1705/1705/1705 1724/1724/1724
f 1726/1726/1726 1707/1707/1707 1706/1706/1706 1725/1725/1725
f 1727/1727/1727 1708/1708/1708 1707/1707/1707 1726/1726/1726
f 1728/1728/1728 1709/1709/1709 1708/1708/1708 1727/1727/1727
f 1729/1729/1729 1710/1710/1710 1709/1709/1709 1728/1728/1728
f 1731/1731/1731 1712/1712/1712 1711/1711/1711 1730/1730/1730
f 1732/1732/1732 1713/1713/1713 1712/1712/1712 1731/1731/1731
f 1733/1733/1733 1714/1714/1714 1713/1713/1713 1732/1732/1732
f 1734/1734/1734 1715/1715/1715 1714/1714/1714 1733/1733/1733
f 1735/1735/1735 1716/1716/1716 1715/1715/1715 1734/1734/1734
f 1736/1736/1736 1717/1717/1717 1716/1716/1716 1735/1735/1735
f 1737/1737/1737 1718/1718/1718 1717/1717/1717 1736/1736/1736
f 1738/1738/1738 1719/1719/1719 1718/1718/1718 1737/1737/1737
f 1739/1739/1739 1720/1720/1720 1719/1719/1719 1738/1738/1738
f 1740/1740/1740 1721/1721/1721 1720/1720/1720 1739/1739/1739
f 1741/1741/1741 1722/1722/1722 1721/1721/1721 1740/1740/1740
f 1742/1742/1742 1723/1723/1723 1722/1722/1722 1741/1741/1741
f 1743/1743/1743 1724/1724/1724 1723/1723/1723 1742/1742/1742
f 1744/1744/1744 1725/1725/1725 1724/1724/1724 1743/1743/1743
f 1745/1745/1745 1726/1726/1726 1725/1725/1725 1744/1744/1744
f 1746/1746/1746 1727/1727/1727 1726/1726/1726 1745/1745/1745
f 1747/1747/1747 1728/1728/1728 1727/1727/1727 1746/1746/1746
f 1748/1748/1748 1729/1729/1729 1728/1728/1728 1747/1747/1747
f 1750/1750/1750 1731/1731/1731 1730/1730/1730 1749/1749/1749
f 1751/1751/1751 1732/1732/1732 1731/1731/1731 1750/1750/1750
f 1752/1752/1752 1733/1733/1733 1732/1732/1732 1751/1751/1751
f 1753/1753/1753 1734/1734/1734 1733/1733/1733 1752/1752/1752
f 1754/1754/1754 1735/1735/1735 1734/1734/1734 1753/1753/1753
f 1755/1755/1755 1736/1736/1736 1735/1735/1735 1754/1754/1754
f 1756/1756/1756 1737/1737/1737 1736/1736/1736 1755/1755/1755
f 1757/1757/1757 1738/1738/1738 1737/1737/1737 1756/1756/1756
f 1758/1758/1758 1739/1739/1739 1738/1738/1738 1757/1757/1757
f 1759/1759/1759 1740/1740/1740 1739/1739/1739 1758/1758/1758
f 1760/1760/1760 1741/1741/1741 1740/1740/1740 1759/1759/1759
f 1761/1761/1761 1742/1742/1742 1741/1741/1741 1760/1760/1760
f 1762/1762/1762 1743/1743/1743 1742/1742/1742 1761/1761/1761
f 1763/1763/1763 1744/1744/1744 1743/1743/1743 1762/1762/1762
f 1764/1764/1764 1745/1745/1745 1744/1744/1744 1763/1763/1763
f 1765/1765/1765 1746/1746/1746 1745/1745/1745 1764/1764/1764
f 1766/1766/1766 1747/1747/1747 1746/1746/1746 1765/1765/1765
f 1767/1767/1767 1748/1748/1748 1747/1747/1747 1766/1766/1766
f 1769/1769/1769 1750/1750/1750 1749/1749/1749 1768/1768/1768
f 1770/1770/1770 1751/1751/1751 1750/1750/1750 1769/1769/1769
f 1771/1771/1771 1752/1752/1752 1751/1751/1751 1770/1770/1770
f 1772/1772/1772 1753/1753/1753 1752/1752/1752 1771/1771/1771
f 1773/1773/1773 1754/1754/1754 1753/1753/1753 1772/1772/1772
f 1774/1774/1774 1755/1755/1755 1754/1754/1754 1773/1773/1773
f 1775/1775/1775 1756/1756/1756 1755/1755/1755 1774/1774/1774
f 1776/1776/1776 1757/1757/1757 1756/1756/1756 1775/1775/1775
f 1777/1777/1777 1758/1758/1758 1757/1757/1757 1776/1776/1776
f 1778/1778/1778 1759/1759/1759 1758/1758/1758 1777/1777/1777
f 1779/1779/1779 1760/1760/1760 1759/1759/1759 1778/1778/1778
f 1780/1780/1780 1761/1761/1761 1760/1760/1760 1779/1779/1779
f 1781/1781/1781 1762/1762/1762 1761/1761/1761 1780/1780/1780
f 1782/1782/1782 1763/1763/1763 1762/1762/1762 1781/1781/1781
f 1783/1783/1783 1764/1764/1764 1763/1763/1763 1782/1782/1782
f 1784/1784/1784 1765/1765/1765 1764/1764/1764 1783/1783/1783
f 1785/1785/1785 1766/1766/1766 1765/1765/1765 1784/1784/1784
f 1786/1786/1786 1767/1767/1767 1766/1766/1766 1785/1785/1785
f 1788/1788/1788 1769/1769/1769 1768/1768/1768 1787/1787/1787
f 1789/1789/1789 1770/1770/1770 1769/1769/1769 1788/1788/1788
f 1790/1790/1790 1771/1771/1771 1770/1770/1770 1789/1789/1789
f 1791/1791/1791 1772/1772/1772 1771/1771/1771 1790/1790/1790
f 1792/1792/1792 1773/1773/1773 1772/1772/1772 1791/1791/1791
f 1793/1793/1793 1774/1774/1774 1773/1773/1773 1792/1792/1792
f 1794/1794/1794 1775/1775/1775 1774/1774/1774 1793/1793/1793
f 1795/1795/1795 1776/1776/1776 1775/1775/1775 1794/1794/1794
f 1796/1796/1796 1777/1777/1777 1776/1776/1776 1795/1795/1795
f 1797/1797/1797 1778/1778/1778 1777/1777/1777 1796/1796/1796
f 1798/1798/1798 1779/1779/1779 1778/1778/1778 1797/1797/1797
f 1799/1799/1799 1780/1780/1780 1779/1779/1779 1798/1798/1798
f 1800/1800/1800 1781/1781/1781 1780/1780/1780 1799/1799/1799
f 1801/1801/1801 1782/1782/1782 1781/1781/1781 1800/1800/1800
f 1802/1802/1802 1783/1783/1783 1782/1782/1782 1801/1801/1801
f 1803/1803/1803 1784/1784/1784 1783/1783/1783 1802/1802/1802
f 1804/1804/1804 1785/1785/1785 1784/1784/1784 1803/1803/1803
f 1805/1805/1805 1786/1786/1786 1785/1785/1785 1804/1804/1804
f 1807/1807/1807 1788/1788/1788 1787/1787/1787 1806/1806/1806
f 1808/1808/1808 1789/1789/1789 1788/1788/1788 1807/1807/1807
f 1809/1809/1809 1790/1790/1790 1789/1789/1789 1808/1808/1808
f 1810/1810/1810 1791/1791/1791 1790/1790/1790 1809/1809/1809
f 1811/1811/1811 1792/1792/1792 1791/1791/1791 1810/1810/1810
f 1812/1812/1812 1793/1793/1793 1792/1792/1792 1811/1811/1811
f 1813/1813/1813 1794/1794/1794 1793/1793/1793 1812/1812/1812
f 1814/1814/1814 1795/1795/1795 1794/1794/1794 1813/1813/1813
f 1815/1815/1815 1796/1796/1796 1795/1795/1795 1814/1814/1814
f 1816/1816/1816 1797/1797/1797 1796/1796/1796 1815/1815/1815
f 1817/1817/1817 1798/1798/1798 1797/1797/1797 1816/1816/1816
f 1818/1818/1818 1799/1799/1799 1798/1798/1798 1817/1817/1817
f 1819/1819/1819 1800/1800/1800 1799/1799/1799 1818/1818/1818
f 1820/1820/1820 1801/1801/1801 1800/1800/1800 1819/1819/1819
f 1821/1821/1821 1802/1802/1802 1801/1801/1801 1820/1820/1820
f 1822/1822/1822 1803/1803/1803 1802/1802/1802 1821/1821/1821
f 1823/1823/1823 1804/1804/1804 1803/1803/1803 1822/1822/1822
f 1824/1824/1824 1805/1805/1805 1804/1804/1804 1823/1823/1823
f 1826/1826/1826 1807/1807/1807 1806/1806/1806 1825/1825/1825
f 1827/1827/1827 1808/1808/1808 1807/1807/1807 1826/1826/1826
f 1828/1828/1828 1809/1809/1809 1808/1808/1808 1827/1827/1827
f 1829/1829/1829 1810/1810/1810 1809/1809/1809 1828/1828/1828
f 1830/1830/1830 1811/1811/1811 1810/1810/1810 1829/1829/1829
f 1831/1831/1831 1812/1812/1812 1811/1811/1811 1830/1830/1830
f 1832/1832/1832 1813/1813/1813 1812/1812/1812 1831/1831/1831
f 1833/1833/1833 1814/1814/1814 1813/1813/1813 1832/1832/1832
f 1834/1834/1834 1815/1815/1815 1814/1814/1814 1833/1833/1833
f 1835/1835/1835 1816/1816/1816 1815/1815/1815 1834/1834/1834
f 1836/1836/1836 1817/1817/1817 1816/1816/1816 1835/1835/1835
f 1837/1837/1837 1818/1818/1818 1817/1817/1817 1836/1836/1836
f 1838/1838/1838 1819/1819/1819 1818/1818/1818 1837/1837/1837
f 1839/1839/1839 1820/1820/1820 1819/1819/1819 1838/1838/1838
f 1840/1840/1840 1821/1821/1821 1820/1820/1820 1839/1839/1839
f 1841/1841/1841 1822/1822/1822 1821/1821/1821 1840/1840/1840
f 1842/1842/1842 1823/1823/1823 1822/1822/1822 1841/1841/1841
f 1843/1843/1843 1824/1824/1824 1823/1823/1823 1842/1842/1842
f 1845/1845/1845 1826/1826/1826 1825/1825/1825 1844/1844/1844
f 1846/1846/1846 1827/1827/1827 1826/1826/1826 1845/1845/1845
f 1847/1847/1847 1828/1828/1828 1827/1827/1827 1846/1846/1846
f 1848/1848/1848 1829/1829/1829 1828/1828/1828 1847/1847/1847
f 1849/1849/1849 1830/1830/1830 1829/1829/1829 1848/1848/1848
f 1850/1850/1850 1831/1831/1831 1830/1830/1830 1849/1849/1849
f 1851/1851/1851 1832/1832/1832 1831/1831/1831 1850/1850/1850
f 1852/1852/1852 1833/1833/1833 1832/1832/1832 1851/1851/1851
f 1853/1853/1853 1834/1834/1834 1833/1833/1833 1852/1852/1852
f 1854/1854/1854 1835/1835/1835 1834/1834/1834 1853/1853/1853
f 1855/1855/1855 1836/1836/1836 1835/1835/1835 1854/1854/1854
f 1856/1856/1856 1837/1837/1837 1836/1836/1836 1855/1855/1855
f 1857/1857/1857 1838/1838/1838 1837/1837/1837 1856/1856/1856
f 1858/1858/1858 1839/1839/1839 1838/1838/1838 1857/1857/1857
f 1859/1859/1859 1840/1840/1840 1839/1839/1839 1858/1858/1858
f 1860/1860/1860 1841/1841/1841 1840/1840/1840 1859/1859/1859
f 1861/1861/1861 1842/1842/1842 1841/1841/1841 1860/1860/1860
f 1862/1862/1862 1843/1843/1843 1842/1842/1842 1861/1861/1861
